handle,source
41665,twitter
_Davidah3,twitter
_elmerz,twitter
_martin_s,twitter
_MissVargas_,twitter
1DMyLife691313,twitter
213Dev,twitter
23lmartinez,twitter
a_3rick,twitter
A_Estrada95,twitter
A_Solorzano23,twitter
AatifAhmad786,twitter
abc7alysha,twitter
ABC7Sid,twitter
accidenthealth,twitter
ACharmn1,twitter
AdamsRATPack,twitter
adrian_fulle,twitter
adrianxzamora,twitter
adteutla,twitter
afteractionNYC,twitter
ag__54,twitter
ahernandez_70,twitter
AHSSpain_Blog,twitter
aiarubenfm,twitter
AIMS_Marketing,twitter
ajlopez213,twitter
ajmracer1311,twitter
AlbertoBNAHJ,twitter
albertuzmz,twitter
alcasol,twitter
AleAlfaMartinez,twitter
alebrugues,twitter
ALEJANDROICEUSA,twitter
alex_c_alvarez,twitter
AlexxG_23,twitter
alfonsozam,twitter
AlfredoCarlosM,twitter
AliciaO75,twitter
allen_rodriguez,twitter
alysianicholle,twitter
AlyssaMS,twitter
AnaGNews,twitter
andrea_zak,twitter
andreafrisby,twitter
Andres_h_mtz,twitter
andresh99,twitter
AngelAl04233155,twitter
AngelGarcia77,twitter
AngelMartinis,twitter
AngelTovar10,twitter
AnnetteSintia,twitter
Antares666,twitter
Anthony_A_Rios,twitter
Antonio271,twitter
arazz23,twitter
ARennellaM,twitter
argeliotorres,twitter
AriannaOrtiz,twitter
ariasm2,twitter
Ariessoul30,twitter
ArtBonilla1,twitter
ArtCruzCo,twitter
artd14u,twitter
ArtfulCook,twitter
artmartinez91,twitter
arturorgil,twitter
ASalasLaw,twitter
AshleyAlvarado,twitter
audelee23,twitter
aurora_jesus,twitter
AuthorAbilene,twitter
Autumnwinddave,twitter
Ayebruhhamm,twitter
azucenadelafuen,twitter
B2BMKT,twitter
B2nation,twitter
B6Embraer190,twitter
baked_beanz69,twitter
BallyHdz,twitter
bangeleno,twitter
barloballinluna,twitter
Beca019,twitter
becca_desiree,twitter
beenmatlocked,twitter
BellaFeFilms,twitter
bellaromy,twitter
BenyMena,twitter
BerthaFlores29,twitter
BettingJohnny,twitter
bianncaaaa_,twitter
bigkamotion,twitter
BillCruz,twitter
BishopLeonardo,twitter
bluechevy1010,twitter
Boleyn_Girl86,twitter
BolivianoEnLA,twitter
BonitzMG,twitter
Boreekwaa,twitter
Borinquens,twitter
borisio8,twitter
BrandonReyR,twitter
BrandonRJMoreno,twitter
briankeithdiaz,twitter
brianv_graphics,twitter
BriteandBubbly,twitter
BrittanyL1018,twitter
BrokerCalvo,twitter
buddanthonydiaz,twitter
bulbozoom,twitter
C_Mart5,twitter
cabral_jon,twitter
CaliDBL,twitter
cancerrights,twitter
capscave,twitter
CaptainXander02,twitter
CarlaJessi_,twitter
carlawestates,twitter
carlosgarod,twitter
carlosmonge85,twitter
CasaChristyVega,twitter
casamorata19,twitter
cavazos_lucas,twitter
Charles_Lakers8,twitter
Chedelaspampas,twitter
chespinqui,twitter
Chief_Guevara,twitter
ChiefVillegas,twitter
chiva7621,twitter
Cholafied,twitter
Chris56090Silva,twitter
ChriStark23,twitter
ChristineCarril,twitter
CLAFERoFFICIAL,twitter
colincostello10,twitter
cortega123,twitter
creativeraul,twitter
crislima_1,twitter
Crockshow,twitter
cruz_missle,twitter
D_GUERRAmusic,twitter
DaFeenster,twitter
dalmiroquiroga,twitter
DamienADiaz,twitter
DanCabrera_,twitter
DanCubias,twitter
DanielPoncedeL1,twitter
DanielTBendito,twitter
danny_arellano,twitter
DannyLopez,twitter
DanteAcostaSCV,twitter
DARamirez7,twitter
Dave_Arias,twitter
DaveMontero,twitter
DavidArtGar,twitter
DavidVallejo,twitter
ddysol,twitter
deharo90,twitter
desennium,twitter
dicasdotomas,twitter
djericmoreno,twitter
djFauxReelz,twitter
DJTonyMorales,twitter
dleos91745,twitter
DoctorSotelo,twitter
DodgerSEL28,twitter
DoesNotPlayWeII,twitter
Dolfan6419,twitter
DonAdolfoM,twitter
dopesuperhero,twitter
Dott2015,twitter
DRANKKAMINSKY,twitter
DrDanTrujillo,twitter
DreaCorrea,twitter
DRodinLA,twitter
dyserrano,twitter
dzquico24,twitter
eacastel,twitter
EAZYEABC123,twitter
eaZyroll22,twitter
economicrefugee,twitter
ecruzer2000,twitter
edcastel1,twitter
EdChatter,twitter
eddie_macias,twitter
EdGalvez,twitter
edgar_de_gracia,twitter
edgardoMLM,twitter
EdgarNoe13,twitter
eduardom,twitter
Efig25,twitter
efigborges,twitter
Efuture8,twitter
egpnews,twitter
EGPRCHAMP,twitter
el_gallogiro,twitter
eldamlopez,twitter
eldia123,twitter
Eli_Sandoval,twitter
Eliawriter,twitter
elidata,twitter
eliosdarling,twitter
elmaikdumid,twitter
elmerj714,twitter
ElvisCastillo,twitter
EmilioCervantes,twitter
empresariohisp,twitter
EricaFranco1,twitter
ErickEsteban,twitter
ErickReneSoto,twitter
ErikJGutierrez,twitter
escuderoero,twitter
esmeralda5201,twitter
EugeneASantos,twitter
EVLosAngeles,twitter
fabianeuresti,twitter
FanaticoFIlms,twitter
fannyveliz,twitter
fatimact1,twitter
FDiaz_07,twitter
fduque,twitter
fearleslie_,twitter
FELIPE_DLS,twitter
felixthemichael,twitter
Fgabrieltomas,twitter
fhermego,twitter
fishboi14,twitter
FocusFactory,twitter
FutbolIntellect,twitter
gabbiux,twitter
GabeRamirez,twitter
GabhoHuerta,twitter
gabrielcrouchRE,twitter
Gabrielwriter5,twitter
garciamorett,twitter
GasparG23,twitter
GaudeP,twitter
gbrlperez,twitter
GemlifeAdvisor,twitter
GeneGabriel,twitter
GenesseCarrillo,twitter
gentilemec,twitter
gerardotheactor,twitter
gerry_gpb,twitter
GiaGiasophia,twitter
ginagemeni,twitter
ginaruiz,twitter
GiniMartinez,twitter
ginocosta,twitter
glendacdj,twitter
GloriaJRomero,twitter
GOD187FATHER,twitter
gotdaved,twitter
graham_sd,twitter
gregg_sanchez,twitter
groovesociety,twitter
guadgtz,twitter
gutembergrojano,twitter
gymjunkie81,twitter
hahahacarolina,twitter
Hail_Lucius,twitter
HansLuttmann,twitter
Haymaker710,twitter
hectorcortez,twitter
heidilynnds,twitter
HelloVanessaRo,twitter
heredia_paul,twitter
Hi5Massage,twitter
Hispanic_Lawyer,twitter
HispanicDigital,twitter
hitalovalladare,twitter
hjcworks,twitter
Horacio_Villa_,twitter
hugoarenas,twitter
hustlingseries,twitter
HV2090,twitter
iamjuca,twitter
iamOscarTrejo,twitter
IAmVonStroheim,twitter
iblackmouth,twitter
icra32,twitter
iEmerson,twitter
ignaciom110,twitter
iHVAQ4U,twitter
ILuquetta,twitter
imariohernandez,twitter
incalos,twitter
Iris_Abarca,twitter
isabella_p9,twitter
IsabelMHair,twitter
Isairocha,twitter
Isidropacheco7,twitter
ItsAmyCordova,twitter
itsdayana1738,twitter
itsimplied,twitter
ItsJavi_C,twitter
itswonderharley,twitter
IwillOvercome01,twitter
izaiah535,twitter
j0ej0eperez,twitter
JacobArriola,twitter
JAJ1974,twitter
jamievrodriguez,twitter
Janellee_babyy,twitter
janetspanglre,twitter
jasonevega,twitter
JasonRuiz_LB,twitter
jats50,twitter
JavinRomero,twitter
JCamacho53,twitter
JCDuranTweet,twitter
jchurt2,twitter
jcynavarro,twitter
jdmatafilms,twitter
JENNIZZLES,twitter
JerryChavez51,twitter
JesseEscobar,twitter
jesserios02,twitter
jethang,twitter
JJavierPalomo,twitter
JJaynoceros,twitter
jlbenavides,twitter
joaquinperles,twitter
joecopro,twitter
joemuelli,twitter
john_greg_gomez,twitter
JorgeAlanTorres,twitter
JorgeDe36371120,twitter
jorgesamy,twitter
joseahumada80,twitter
JoseFranco_,twitter
josegalvez,twitter
Joshie9208,twitter
Journautism,twitter
jPad,twitter
JuanD,twitter
JuanFValdes,twitter
jude_c,twitter
juliancba,twitter
juliericoart,twitter
JulioHerreraVa1,twitter
julioislive,twitter
Junit_Fanpage,twitter
JustBigNik,twitter
karlatorres1,twitter
KarlinsProd,twitter
KellerWortham,twitter
kevyn_wynn,twitter
kmilokro2007,twitter
kokygonzalez,twitter
KRenteria79,twitter
kudayta626,twitter
kura_zon,twitter
LA2LAChef,twitter
LaFamiliaGuzman,twitter
laflowers,twitter
laker_fan_,twitter
LAPDOCB,twitter
lare_2001,twitter
LarylGarcia,twitter
laurasaysgrrrr,twitter
LesleyLPena,twitter
LFMontealegre,twitter
LisaCasting,twitter
lobogris2012,twitter
LolaLipsey,twitter
lolawesomejaime,twitter
lopezontvland,twitter
loretta_ama,twitter
Lorrie_Reyes,twitter
lougonzalez,twitter
louissparada,twitter
luciamartines88,twitter
Luevano1,twitter
lunark1tten,twitter
Luzzifuge,twitter
M4PR_Mel,twitter
MagalyLaVozDOro,twitter
MagdaMolinaGems,twitter
maikamadrid1,twitter
majia1,twitter
maldo420,twitter
mamitamala,twitter
MANAlover14,twitter
Manbat619,twitter
mandolakings63,twitter
Mandra_Gora,twitter
mannyfonseca,twitter
manuelfernandes,twitter
manuelmmx,twitter
Mar_cooss,twitter
Marc_Hern,twitter
MarceloCanDoIt,twitter
marcia_facundo,twitter
MarcoMardiani1,twitter
marcoregil,twitter
MarcoRHTP,twitter
marcosanchezorg,twitter
mariabustillos,twitter
MariaEDurazo,twitter
mariamrodriguez,twitter
MarianneSauvage,twitter
MariaSanabria3,twitter
MarineMiguel,twitter
MarioACobian,twitter
MarioCSalgado,twitter
MarioLlamas01,twitter
MarioLopezExtra,twitter
MarioPalencia62,twitter
mariosellitti,twitter
MarioTVLA,twitter
Mark_Archuleta,twitter
MarkRod70,twitter
Marlee_Denise,twitter
marreguin31,twitter
MartinEstrada,twitter
MartinWareLive,twitter
MattMaldo,twitter
Matutenco89,twitter
maudelaorta,twitter
MauricioSports,twitter
Max_the_3rd,twitter
MayorOfBoomtown,twitter
MayraLiseth05,twitter
mcibrian,twitter
MelissaMelcat,twitter
mereruiz,twitter
MiaHopkinsxoxo,twitter
MiguelCaballero,twitter
mikerose,twitter
milongapartner,twitter
mintindeed,twitter
MirandaMartinez,twitter
miriam__rueda,twitter
miss_melanieg,twitter
mkguardado,twitter
MLCFROMTHEHEART,twitter
MMALopez1991,twitter
MondoOlivas,twitter
monkeysplat,twitter
MonteroOnBoxing,twitter
montoyadirector,twitter
MoonPie1317,twitter
motivatordan,twitter
Mouthgrds4Champ,twitter
movillegas,twitter
Mr_MRodriguez,twitter
MrClubGreed,twitter
Mrfifty6er,twitter
mrpelayo,twitter
MrRCA007,twitter
MrSalPerez,twitter
MsAnaGrande,twitter
MsCillaMarie,twitter
msjesmeza,twitter
MsREAgentLA,twitter
MsSilviaSantos,twitter
mtsarabia,twitter
Mujo562,twitter
mwtapia,twitter
myproudzayn,twitter
n2mambo,twitter
NabilCaptan,twitter
naibereynoso,twitter
NALIP_org,twitter
nancylynnpinto,twitter
NandoVel,twitter
nataliaonair,twitter
navarrocee,twitter
NazarioSauceda,twitter
nevinmillan,twitter
NibblesNFeasts,twitter
nico_sinico,twitter
NicoSkates,twitter
nikkipalomino1,twitter
nikodeleon,twitter
NinaBGonzales,twitter
Nini662,twitter
Noe1010,twitter
noemi_cardoso,twitter
NoHoMMA,twitter
NormaJeanManz,twitter
notagrouch,twitter
notnataly,twitter
Official_Sexton,twitter
officialDannyT,twitter
OfficialRubenG,twitter
olblue217,twitter
oleasairfilms,twitter
OliverofRuford,twitter
OnlyConnectBlog,twitter
orozcobenjamin2,twitter
OscarKPIT,twitter
Osolatin,twitter
PabloSantibanez,twitter
pacohamm,twitter
paoladurankawa,twitter
partygiron,twitter
PasadenaVic,twitter
pascalguyon,twitter
pastordlazo,twitter
Pau05Snuffles,twitter
PauloQOficial,twitter
paulpaez,twitter
pedroarocena,twitter
pepelakers,twitter
peps722,twitter
perumike,twitter
pescadow,twitter
PeterJSaenz,twitter
pflores72001,twitter
phattonez,twitter
PhilfromDelTaco,twitter
PilarAvila1119,twitter
PilarMarrero,twitter
PintoLakers,twitter
poligol21,twitter
PomonaUnified,twitter
PresssEmmm,twitter
propixLA,twitter
prosado,twitter
prosydelacruz,twitter
PumpFrank,twitter
raandy,twitter
RadioMirage,twitter
Raider_Moy,twitter
raulgarza374,twitter
RayHuizar5,twitter
RaySandoval25,twitter
rcastle1010,twitter
RDtheFirst,twitter
realestateperez,twitter
RealGabeRamirez,twitter
ReFlex76,twitter
rev84z,twitter
rgattorney,twitter
RicardoBastaLA,twitter
RicardoDiaz,twitter
RicardoTeamor,twitter
richardcastrojr,twitter
RichardICalvill,twitter
richardtafoya,twitter
Rickac99,twitter
RickGarciaArt,twitter
ricknajera,twitter
Rickrod9875,twitter
RickyBassPlayer,twitter
RicoGagliano,twitter
ricomcclinton,twitter
RMoralesPT,twitter
RobBaca,twitter
robert_ticor,twitter
robin_solis,twitter
RodneyRoldan,twitter
RodStrategies,twitter
RomanMoralesIII,twitter
RominaBon,twitter
RommelRuiz,twitter
rosalesmichel,twitter
Rquesada1,twitter
RRiverosM,twitter
rudysantana10,twitter
rumualdo1969,twitter
RussellBoast,twitter
RyanJoGarcia,twitter
ryankeithturner,twitter
RyanOkane24,twitter
RZ_Casper,twitter
SallyArias_,twitter
salvilake,twitter
SandraSantiago_,twitter
Scarecrow805,twitter
sebastiandalby,twitter
segovia5533,twitter
senor_parra,twitter
senormcm39,twitter
shadowneon10,twitter
shelbygrad,twitter
SimonDaniels4,twitter
SirIvanLopez,twitter
sivancruz1,twitter
Slackofflee,twitter
SLNazario,twitter
slopesinheels,twitter
smalllinux,twitter
SocorroOjeda,twitter
SouthJHSPrin,twitter
Springflower075,twitter
spunkycarina,twitter
stanwilsontv,twitter
SteeGar,twitter
stevesaldivar,twitter
Sunavas,twitter
supermexican562,twitter
superpedro,twitter
SuzannaVasquez,twitter
tacosnotwar,twitter
Tatyqvdo,twitter
teo_lopez,twitter
TexSanAggie,twitter
thedjmichaelj,twitter
TheFuxedos,twitter
Thekid_Rudaaaii,twitter
thelizrivera,twitter
themeowlos,twitter
themexicoreport,twitter
Themidnightvoic,twitter
theotis5555,twitter
thereal_gelito,twitter
TheRealCalderon,twitter
TheRealRZubi,twitter
TheRiosMauricio,twitter
TheRobGonzalez,twitter
TheSmartraveler,twitter
TheTacoCritic,twitter
TheTLMoran,twitter
Timmy_Twitsalot,twitter
titanicccccc,twitter
tkdangel51,twitter
ToastIsFunny,twitter
Tombraider75,twitter
TopStoryPR,twitter
Tornillo5,twitter
TrainerTony,twitter
translatinbamby,twitter
TRAPIA808,twitter
Trapicio,twitter
trchavez41684,twitter
tremendoortega,twitter
TreyGomez,twitter
Trojan_MSW,twitter
TrojanEditor,twitter
trublu_efren,twitter
trujillo310,twitter
TSR_Centurus,twitter
TuPaco_Farias,twitter
Turtle_Tom_,twitter
unzueta,twitter
URBrilliance,twitter
USCrocks,twitter
vaironp,twitter
Valenti09669404,twitter
Valerie_Perez,twitter
valmismotronea,twitter
VaniaKimm,twitter
vargas_iv,twitter
VargasGirl,twitter
vasquezalfonso,twitter
vbarrales323,twitter
victor5erna,twitter
victorbellowho,twitter
victoriaelenaa_,twitter
VictorMcomedy,twitter
victorvallejo,twitter
victuoso,twitter
vigilioawake,twitter
vincentpgarcia,twitter
viramontes82,twitter
virtualRLP,twitter
VPEPR_Habla,twitter
vplopez,twitter
waarce,twitter
WalkingE,twitter
WarLah,twitter
whatrosasaid,twitter
williebarcena,twitter
witphilly,twitter
wmnengr,twitter
writetokarla,twitter
wsalazar,twitter
Wulfy1978,twitter
Xian_D_Paredes,twitter
xochiquetzal72,twitter
YaBoyDave51,twitter
YANEZ_GUSTAVO,twitter
YazzieSays,twitter
yennynun,twitter
yimme314,twitter
yoooits_colleen,twitter
YOSOYCORDOVA,twitter
youngthorn,twitter
ysaacalvarez,twitter
YUMM_J,twitter
YurinaMelara,twitter
yvonneinla,twitter
YvonneLMontoya,twitter
ZacharyHunchar,twitter
zeke_44,twitter
ZeRiMaRd,twitter
zulmaramaria,twitter