officialdannyt,twitter
exuiansis,twitter
mariolopezextra,twitter
iamrealsmoove,twitter
martinaoprey,twitter
poeversado,twitter
xlnb,twitter
vincestaples,twitter
brookesarpell,twitter
valentinarendon,twitter
londerswonders,twitter
realgdt,twitter
elshowdepiolin,twitter
ibizzlesns,twitter
mylastbite,twitter
mamicv,twitter
afshineemrani,twitter
dorotha_bulloch,twitter
biebersarianas,twitter
chrismatashow,twitter
latimescitybeat,twitter
stockholmxliam,twitter
cristela9,twitter
hoopsoverhoes_,twitter
purplehayz,twitter
aaronmsanchez,twitter
ricasaceda,twitter
1990smahone,twitter
bigguccidirt,twitter
angiedgk,twitter
ti3rrv_,twitter
mauriciosports,twitter
himaria68,twitter
ikonmonstax,twitter
baeorgasm,twitter
tooyurnthall,twitter
americaniife,twitter
ardensboobs,twitter
johntarnoff,twitter
0l1l2,twitter
lapdocb,twitter
briteandbubbly,twitter
googledgrant,twitter
abc7alysha,twitter
iammatthewsbabe,twitter
soyjuanalberto,twitter
haloharris,twitter
devincf,twitter
lamarrwilson,twitter
ibieberflight,twitter
news_jsc,twitter
jalendotson5,twitter
bizzllauhl,twitter
xidontlove,twitter
josephcaptures,twitter
raqibmarvelous,twitter
123simulation,twitter
shalim,twitter
afmusica1,twitter
dreamvillenyc,twitter
alex_wiley,twitter
mikeelchingon,twitter
profdauber,twitter
theerealgrizzly,twitter
erbp98,twitter
merendacosgrove,twitter
savannah_posh,twitter
latsondheimer,twitter
awardsdaily,twitter
jairodriguez,twitter
alexisisbestest,twitter
cathy_mescher,twitter
yvonneinla,twitter
amandajasmin_,twitter
quinton_harris,twitter
jenny_sharon22,twitter
hxrrycouldfly,twitter
quirkyjerk,twitter
hollahoolianna,twitter
gueroloco,twitter
skateboardfaze,twitter
amy_geek,twitter
pzxl17,twitter
whenscottfails,twitter
isaisilvan,twitter
boytweetsworldx,twitter
dismaldun,twitter
okayterra,twitter
irenemariex,twitter
cuddlemecloudy,twitter
brizzy1412,twitter
softest_hard,twitter
weatherbugluke,twitter
thescenestar,twitter
ricknajera,twitter
guccixyoyo,twitter
daniellem0nster,twitter
sinoricemoss,twitter
urfavmel,twitter
mar_e_o17,twitter
ale0perez,twitter
_artillery_,twitter
_babytina,twitter
baelessvibes,twitter
freefoodies,twitter
danielaarceo133,twitter
traviesa928,twitter
_sirhampton_,twitter
sammisanchez,twitter
meezyftrauhl,twitter
valen_romeo,twitter
tacosnotwar,twitter
daniellellanes,twitter
italy08pinto,twitter
violeta_martin,twitter
wayneduece__,twitter
nachoasttudillo,twitter
lunark1tten,twitter
chinorad_,twitter
youaremydream20,twitter
ohitzell,twitter
soga_4ever,twitter
madeinmcdonalds,twitter
tomlinsonhips,twitter
arceeloveee,twitter
cliffordxmg,twitter
mizmeliz,twitter
arianasslit,twitter
jannycev,twitter
_ashlienazario,twitter
nickyybear_,twitter
_princessabi,twitter
fatilatuti,twitter
mrndar,twitter
seashellbabe,twitter
pwinsuslex,twitter
datuois,twitter
mendesxthevamps,twitter
gresire,twitter
loliypops,twitter
fattysel,twitter
marcpayan,twitter
hancelpacheco,twitter
pinkfrislay,twitter
scott_borel,twitter
itsjazmiinr,twitter
droozzzey,twitter
bellemve,twitter
ana_cabrera769,twitter
_mars_la,twitter
ericdadourian,twitter
aslongaswift,twitter
alexxlo_wrg,twitter
reinagiselle,twitter
armanwalker,twitter
jlwoj,twitter
boysinbandz,twitter
brianvibberts,twitter
hollablackgirl,twitter
daisysuarez,twitter
hosnevergetcold,twitter
onelovebelieve,twitter
heeiys,twitter
valenngorriz,twitter
maloleysz,twitter
covington__,twitter
saammyym,twitter
violence_fsw,twitter
horizonkarisma,twitter
slywilkinson,twitter
mellinakong,twitter
aandrreeaaa,twitter
doozycabello,twitter
maritzabeverly,twitter
camiamarielle,twitter
eazel_,twitter
junnkoftheheart,twitter
theamitie,twitter
miyeilisais,twitter
obriensxlena,twitter
xx_munguia,twitter
hersheeyss,twitter
l0velenaaa,twitter
andriaasmiless,twitter
lovely_vanesa,twitter
marcellacomedy,twitter
jzl_hemmo96,twitter
jacobstuart20,twitter
ohsorafa,twitter
maxcaulfielld,twitter
jethang,twitter
bbyquag,twitter
radiomirage,twitter
nicoolegee,twitter
crystalsola_,twitter
marianitos01,twitter
alexisorteasy,twitter
drew2g,twitter
aracelybeniitez,twitter
michaeisremedy,twitter
grumpylilshit,twitter
danny_seth,twitter
vicyunng,twitter
mattsvansx,twitter
maddymh00,twitter
thestoryofanahi,twitter
chokemeariana,twitter
thekubliest,twitter
kevinagudelo99,twitter
nhl_haiku,twitter
qreyes,twitter
jennifer08111,twitter
brentsgf98,twitter
thatlukeboyy,twitter
groovyyvette,twitter
michellenbcla,twitter
jaaychanel,twitter
lexiebieber1,twitter
_thaniggasteveo,twitter
natsantos10,twitter
mikalvz,twitter
djfrankieee,twitter
kalinwhitelover,twitter
justenbieberf,twitter
zarryorgasm,twitter
lovelyjess_,twitter
jbizz_,twitter
thesweet_munk,twitter
daisypareded,twitter
iblogbetter,twitter
elisatorres06,twitter
lanamanaii,twitter
sadbeavty,twitter
nickysilv,twitter
xoxominna,twitter
reginamarisah,twitter
theycallmeeone,twitter
_tonight_alive_,twitter
kimyugeoym,twitter
nicababess,twitter
mvreuh,twitter
montanomelanie,twitter
paarthyyy,twitter
charmwitch,twitter
alyssajizelle,twitter
_yojazz,twitter
erikaaniston,twitter
lilmamastephhh,twitter
_deebbyyy,twitter
maria_conteh,twitter
nikeshawn,twitter
haleyygomez,twitter
stevenferazo,twitter
valerieeaaa,twitter
firelightafi,twitter
ryan__hyman,twitter
unxxcorn,twitter
closetcaseroman,twitter
emma_282_,twitter
nugiect,twitter
pukingdallas,twitter
robertboiii,twitter
lu_bieber22,twitter
mannyyghee,twitter
itsdayana1738,twitter
jayxkills,twitter
sailor_mo0n,twitter
famsutti,twitter
alexdjade6,twitter
ox_medina,twitter
sademptystown,twitter
swiftbiebsdiana,twitter
_hasleeey,twitter
julielovesdee,twitter
indienote,twitter
bnowalk,twitter
zamora11patty,twitter
priscillaaboo,twitter
amazingwishh,twitter
authenticpepe,twitter
fregosomelissa,twitter
expresiiv0,twitter
honti_,twitter
millyrodriguezz,twitter
alyess_,twitter
miahern59,twitter
haniyahsalma,twitter
brizaarias,twitter
kilameri1,twitter
versaceuli,twitter
lnlysmae,twitter
badassbernal,twitter
radgypxy,twitter
chiefvillegas,twitter
donniedarcooo,twitter
burnedsaimon,twitter
saaaanchez_15,twitter
rosa_torralba,twitter
grierniall,twitter
condom_over_kid,twitter
nayelidamiang,twitter
karinasanz_,twitter
flashmanwade,twitter
derekjrob,twitter
rnbw1,twitter
sblackmoore,twitter
tragicmikey,twitter
_aylin23,twitter
erma_simms,twitter
yo_katrina,twitter
haleyyrivas,twitter
thisisriehlryan,twitter
gamercore,twitter
mjkp_7,twitter
fernaandaaaa27,twitter
_aakise_,twitter
azrasyzyh,twitter
xx_angiee_xox,twitter
moree5sos,twitter
iamdonbills,twitter
senormcm39,twitter
thomasb00001,twitter
rxrxcz_,twitter
niallsdimplesxx,twitter
javvxs,twitter
ryaninthedisco,twitter
marcelavilatw,twitter
anjunarobbert,twitter
paoalin,twitter
neeko_keanu,twitter
sooydrew_,twitter
imsqueemer,twitter
alisoon_1d,twitter
babymattss,twitter
korozcot48,twitter
jaisuf,twitter
markeortega,twitter
biita17,twitter
tracigranta,twitter
carlossa30,twitter
sergio_9418,twitter
yourzquadhere,twitter
celineflores3,twitter
sparklinglala,twitter
call_me_meezy,twitter
ppparadaa,twitter
iiysbharry,twitter
economicrefugee,twitter
ggfunk,twitter
missestephany,twitter
perlaarellano12,twitter
chichartodelena,twitter
nontoxicharry,twitter
sunflowerlunaa,twitter
sofeeeuhhh_,twitter
angelee_desiree,twitter
kaytlintu,twitter
hernameisrae,twitter
evelynesperanz4,twitter
jlmadridfederer,twitter
ryanrosenblatt,twitter
anxssa_,twitter
_essakarina,twitter
leamagcon7,twitter
jnessafuentes,twitter
jennersnadia,twitter
cherryxbum,twitter
nikolehoran_,twitter
paynelessly,twitter
_nickylou_,twitter
julianaabud_,twitter
sugartitsraulie,twitter
babygirlvall,twitter
dafnecruz501,twitter
victornunezjr,twitter
saweetangel,twitter
loueezus,twitter
mtsarabia,twitter
umshipper,twitter
alissssssa16,twitter
babygrlnat,twitter
galacticasitrep,twitter
msjesmeza,twitter
margarethroyce,twitter
geminigypsyy,twitter
rjckthesjzzler,twitter
itskimmieee,twitter
dobrevasyezir,twitter
_jessica90,twitter
j_a_c_k_y_1_3,twitter
lowkeyy222,twitter
steph_corona,twitter
ashleeymarian,twitter
yaani_shawty,twitter
comingdowngabs,twitter
saaaammmm__,twitter
juanoots21,twitter
miikalala,twitter
lucyhalefanpage,twitter
jamesmasl0w,twitter
imprisonedcth,twitter
_lisseeuh,twitter
nonchalantnell,twitter
raaachyrach,twitter
karinangelicaa,twitter
berebraithwaite,twitter
niggalipsbrina,twitter
papayangie,twitter
o_minimina_o,twitter
18loustyles,twitter
soalexgoes,twitter
justinidolfav,twitter
verycherrycarla,twitter
erick_hyped10,twitter
ssonoraa_,twitter
styles023,twitter
yurnotlizzy,twitter
schoolboyandre,twitter
mdmgv13,twitter
jmacdakid,twitter
jasonesquivel,twitter
reynaga_heidi,twitter
louonthesubway,twitter
sp1ke_diego24,twitter
angelinaasilvaa,twitter
dosmillenvela1,twitter
_carinaaaac,twitter
zenitramrosie,twitter
wtfuckcam,twitter
mariablasco08,twitter
iloveeebabs,twitter
always_zquad,twitter
nipuranicasta,twitter
alliestheillest,twitter
comiendoenla,twitter
kindasillymommy,twitter
famousadrie,twitter
glvc_,twitter
olivasdan,twitter
1dtakenstyles,twitter
sameooldlove,twitter
aylenxlucila,twitter
moonpie1317,twitter
blindedbyjustin,twitter
jennysilvaaa_,twitter
vapegod333,twitter
santosnadine526,twitter
janesantosc,twitter
galacticla,twitter
vivianc,twitter
akzillas,twitter
maritzialopez,twitter
fuckbizzle_,twitter
nikisnow3x,twitter
velascodenise_,twitter
emilioflogom,twitter
mersolite,twitter
wr3cksauce,twitter
brailingomez,twitter
chinkyjz,twitter
steviebro_23,twitter
sebaa_cjs,twitter
ameriiica_,twitter
its_showtime36,twitter
stefanabramiann,twitter
satans1slut,twitter
lexilokes,twitter
oned_promise,twitter
fvckyodarn,twitter
hugogue35281141,twitter
mayxcvi,twitter
xoxo_yadany,twitter
stevezitro,twitter
josemhm_,twitter
itsmaysveryown_,twitter
stephcalderon80,twitter
stillfidel_,twitter
ayeprinceofpop,twitter
lost_angela,twitter
1zackaryarthur,twitter
_lordguapo,twitter
theunwonted,twitter
sincerlytristi,twitter
nealnieves,twitter
lohoho_,twitter
myhopehazz,twitter
caatalatorre,twitter
arturom614,twitter
leeeetty_,twitter
ms_msmarshas,twitter
messyhoran,twitter
victoranderss,twitter
sawyerisanangel,twitter
onlyfoolsfranta,twitter
queenfortwitah,twitter
xmmxxlvx,twitter
raelynninez,twitter
farrar43india,twitter
noodlenatt,twitter
mile_escudero,twitter
larriescum,twitter
fortheloveofcab,twitter
xrlvas,twitter
morgianezairyr,twitter
girlalmigthyxx,twitter
juliette2674,twitter
andyblaahh,twitter
davaughn_r,twitter
carlosploganh,twitter
camwow_33,twitter
carissazamoraa,twitter
jandflower,twitter
ariana4g,twitter
amymagcon1d,twitter
ayeelibra,twitter
caguirre94,twitter
artfuldetective,twitter
bigbrompton,twitter
wonderlandif,twitter
yaiharmony,twitter
jhonaikerj,twitter
kurtzierlein,twitter
breensuca_12,twitter
martiliotti,twitter
hanzxd_,twitter
mariannesauvage,twitter
itswhoyouare,twitter
rebexledesma,twitter
josseeegarciaa,twitter
carrieksada,twitter
ivannagomez46,twitter
lillmamajane,twitter
kimbooboo_,twitter
mvortega99,twitter
austinesparza_,twitter
andresizquieta,twitter
actoranthony,twitter
gutijacqueline,twitter
leonard02534516,twitter
abigailbieber04,twitter
alanap_99,twitter
naaa_jelly,twitter
freakoutav,twitter
cynxo_,twitter
thorcuator,twitter
freakincaro,twitter
neuvoosantaana,twitter
myanotherchance,twitter
lizbethgzz9,twitter
becauserachel,twitter
carrillo__xxxv,twitter
_eniledam_,twitter
_tyblackburn,twitter
sergmc2,twitter
stefcardenass,twitter
victerr,twitter
_melanyge,twitter
gueroavila1,twitter
mirrence07,twitter
cxv__,twitter
illiam_william,twitter
missvaleryeej,twitter
stvntnkka,twitter
nocopydenada_,twitter
cravingtobieber,twitter
bbyliyahh,twitter
a_maloleyy,twitter
_makkonen_,twitter
litxhalsey,twitter
r5rachael,twitter
billchott,twitter
andy0504horan,twitter
chefboyarkey_,twitter
evannarod,twitter
natmayavelli,twitter
gisellmendoza7,twitter
tumblrgirlhb,twitter
mattvalenciano,twitter
elizabethfhoney,twitter
axelmaciel2,twitter
_prodigy714_,twitter
cmendoza_4,twitter
_vivodihoran,twitter
__carla3,twitter
lacollisbutera,twitter
thedenisesolis,twitter
swagedoutfoo,twitter
_bigpapiserge,twitter
madshana,twitter
vaalgaal,twitter
nat__flo,twitter
larrahdjs,twitter
dannyreallife,twitter
justinfollwme,twitter
onlyconnectblog,twitter
erik_garcia24,twitter
yosoy_caro,twitter
breebooxoxo,twitter
bambladimir,twitter
marcowill,twitter
nicolamador14,twitter
jennerrssblog,twitter
eevonxo,twitter
_eiramelleinad,twitter
smhdes,twitter
gisellealvarezs,twitter
ashleyalvarado,twitter
_thebang_,twitter
zulmaleficient,twitter
abc7tina,twitter
eniolabbog,twitter
carlo__daniel,twitter
ftshenamas,twitter
ve__florx,twitter
clarissabenzo,twitter
macarenafw,twitter
yvngsmba,twitter
rivabianca,twitter
antotegli,twitter
jerandibieber,twitter
mr_hi420,twitter
giselle94x,twitter
fierygraceffa,twitter
d_nicedenise,twitter
gloriajromero,twitter
yahairaag_,twitter
aestheticgoals,twitter
xdiazvictor,twitter
elpalotedeharry,twitter
lukewarmcth,twitter
jackiieehhh,twitter
juliatradamus,twitter
katie_drozd,twitter
5secsof_1975,twitter
gomezjames,twitter
npickett1,twitter
papiscrilla,twitter
jg2pt0,twitter
erikahopeduran,twitter
xmimix_1,twitter
hpbabe_,twitter
_ohlisseet,twitter
_dementedd,twitter
yourgirl_julia,twitter
famedinah,twitter
redeyedtreefro,twitter
axcarpenter8,twitter
zarategimena,twitter
chandeeezzy,twitter
gonszo,twitter
yesi8123,twitter
nlghtingale,twitter
redizzy2,twitter
angryeagle18,twitter
kathiaguevar,twitter
alexinanaheim,twitter
anntocaballero,twitter
henry_2711,twitter
rayannekarinny,twitter
legorreta_edson,twitter
relaxskye,twitter
thechrisglass,twitter
ashleynpedraza,twitter
christianmejia,twitter
heyitsdianasaur,twitter
sarah00luke,twitter
blvcksizzlr,twitter
orneeee15,twitter
melimel50,twitter
claudydaudyy,twitter
bonierrez,twitter
lizbet_cx,twitter
woahdere_darius,twitter
kat_graceffa,twitter
halewilk,twitter
unpredictablhes,twitter
rociolzaninovic,twitter
caddguru,twitter
tym2g3thi,twitter
asvp_ricky03,twitter
caylen_captures,twitter
ashhunt__,twitter
heyybibi,twitter
loreebarreiro,twitter
ki_dana,twitter
hollowboi_ray,twitter
sheee_lulu,twitter
xerikamichelle,twitter
mercedessxo_,twitter
afrofacher,twitter
xjulianajanayla,twitter
__raeannn,twitter
nicolehip0lito,twitter
ellamichelle_,twitter
rareheartz,twitter
stephanienlerma,twitter
_alfredonava,twitter
cesa97,twitter
_asian_dee_,twitter
allyssasalgado,twitter
murderizedcrew,twitter
eliaalvarez2233,twitter
lauramarisol08,twitter
alexnavarro13,twitter
immrsdelevingne,twitter
dannyalva_,twitter
ughxcx,twitter
madnesspoop,twitter
camier37hb,twitter
jazzzzminnnnn,twitter
itsjroxx,twitter
iamsheajenkins,twitter
jacobosimon,twitter
mackabiviper42,twitter
groovyrachel_,twitter
pandalindemann,twitter
julionumber9,twitter
laurenxxi,twitter
wonholyshit_x,twitter
babyface_valles,twitter
moneybackla,twitter
kblanchhh,twitter
salwahazmalxoxo,twitter
monicaoliveirap,twitter
beckaaaye,twitter
hunter_delaneyy,twitter
whooscm,twitter
triecee_,twitter
mrsof_mee,twitter
ivansphere,twitter
_jorgeexochoa,twitter
camyfornia,twitter
briibreezy__,twitter
teodiazzz,twitter
heyyitscaitlen,twitter
x0_jenni,twitter
bbrianaaa__,twitter
itxly_,twitter
kaisenrian,twitter
itsvictoriaav,twitter
its_gabyjimenez,twitter
concertdallas,twitter
axeel_benz,twitter
fatimainthecut,twitter
edgar_de_gracia,twitter
matttakemeaway,twitter
austincrapnell,twitter
aldholiscious,twitter
_rukss,twitter
jeffmasters1,twitter
karladiaza98,twitter
dannassierra,twitter
oscariaebert,twitter
lnz_hl1d,twitter
karol_dobrev,twitter
krissbruhh,twitter
heyitsjoge,twitter
itsjenjenm,twitter
abiiangel24,twitter
astr0delta_,twitter
carmenc108,twitter
alevictoria13,twitter
karinagalindoo,twitter
chinomathers,twitter
maawwwie,twitter
iluvlibraries,twitter
monicalsl98,twitter
s707vs,twitter
alemonvic,twitter
deliriousdaniel,twitter
odvlys,twitter
onetokenblack,twitter
meganclementss,twitter
ambeeaar,twitter
playerbooy,twitter
bearlyknown,twitter
curlymeza,twitter
_karlakassie,twitter
_ireneypoo,twitter
saragrissel,twitter
srabiieber69,twitter
faydeearmyusa,twitter
selaznoge,twitter
lmysmileisfor1d,twitter
sofii_candia_,twitter
tiana_cuhh,twitter
jarelycurls,twitter
versacebruja,twitter
braianyfgo,twitter
itscastellon,twitter
ceezburger,twitter
bigang23,twitter
patrioticgeek,twitter
jchurt2,twitter
mongeliliana,twitter
darling_childe,twitter
notreamitielove,twitter
elleflowrs,twitter
imjustforharry,twitter
frankiegarcia23,twitter
jazcarb31,twitter
irenediaz_music,twitter
a_ortiz2,twitter
evelynmlovesyou,twitter
americonsumer,twitter
evelyn_melgoza,twitter
stephaniepaz8,twitter
kiang_ho,twitter
losangelessrh,twitter
anhhgel,twitter
arianag_please,twitter
luis_tweety7,twitter
giuligiudice,twitter
dee2pink,twitter
makennalalley,twitter
angelmoses111,twitter
kimbourlee,twitter
xitlalyfregoso,twitter
novelizadoydora,twitter
ronzepor,twitter
hannahbananaak,twitter
blasianish,twitter
dylanin3d,twitter
sofiivillagran1,twitter
geez_jess,twitter
f0revermaria,twitter
ttonatzinee,twitter
_hernandezale_,twitter
guadaagarciazas,twitter
arianamichel_,twitter
botitas233,twitter
eric_analytics,twitter
lautaro04135787,twitter
iirisdianna,twitter
navacrystal48,twitter
carolina2macias,twitter
harry_myqueen,twitter
juscallmeevelyn,twitter
garcia_dama,twitter
follito10,twitter
jorge__loc,twitter
idanxo,twitter
pomonaunified,twitter
sheylanatali_,twitter
carly_sterbentz,twitter
makeart12,twitter
ailenchull,twitter
levimira,twitter
littlebrryan,twitter
jaijai_styles,twitter
mirandycosgrove,twitter
missmariemack,twitter
esejorgee,twitter
rashel09,twitter
anni_kaay,twitter
nailahshy,twitter
tayllorrmarie,twitter
lewispartida,twitter
melisafisherman,twitter
allicastillo25,twitter
vaguevisions,twitter
5150wonderbread,twitter
karinmarie_1d,twitter
beashadows,twitter
myproudzayn,twitter
johnnegron1,twitter
prrlz,twitter
juliolovehewitt,twitter
rudyguey,twitter
alondaltamirano,twitter
valejaramillo25,twitter
coiorfultear,twitter
arismyaesthetic,twitter
_mamanayyy,twitter
janroseeey,twitter
juanye__west,twitter
leaist30,twitter
jaiavalos,twitter
aliciafancy,twitter
mhuffy760,twitter
andrewlquesada,twitter
cristian14villa,twitter
itsparada_,twitter
castnurse,twitter
supreme_chris28,twitter
justarcticxx,twitter
alikk21_,twitter
salazar_xm,twitter
supersanch95,twitter
valerieeele,twitter
_complexalex,twitter
jacqueortiz_,twitter
alfie74,twitter
harryxiall05,twitter
punlsh3r,twitter
1023tess,twitter
96quintilia,twitter
aryyfloress,twitter
ashleyglez_,twitter
hxmmingsfluke,twitter
ralfiee_,twitter
cheapyy,twitter
salvuhdor,twitter
johaneth99,twitter
4361letti,twitter
xkeanamarie,twitter
fatpatricia714,twitter
themusecrypt,twitter
yourgirlirene,twitter
youknowgerm,twitter
fuckchillax,twitter
lachicaderiker,twitter
kimvh__,twitter
kwinnyk,twitter
giselleeeedoee,twitter
pelapatatelarry,twitter
anaa_bannana,twitter
mrs_breaux,twitter
arcticmxlum,twitter
thequeen_sarah,twitter
nochillchels_,twitter
luussstorress,twitter
sleeepyqt,twitter
blackjustinfan,twitter
ari_rivas17,twitter
tuan_bxg,twitter
danysalinas3,twitter
izardangel,twitter
_tfti_,twitter
machiiavelique,twitter
theaimeeadams,twitter
purposeada,twitter
sarakwon_,twitter
rad_jorge,twitter
sabricastiglia,twitter
ant310,twitter
_taliaaaah,twitter
roselin_salgado,twitter
heyitscarolann,twitter
alexiscuhz,twitter
yes_inez,twitter
_viviana_riggs_,twitter
becartereynolds,twitter
_magaly7,twitter
irene_pacheco,twitter
jusinoboy,twitter
clightmore,twitter
luna_guacamole,twitter
ashleesimmns,twitter
gloriousbagel,twitter
sebassholejames,twitter
patomomo_95,twitter
christian555,twitter
xkarlybadillox,twitter
mariahazali,twitter
michael_eastonn,twitter
amanecer408,twitter
manda_cardenas2,twitter
edusierram,twitter
xixg,twitter
sammynickle,twitter
queen_shawty69,twitter
miguel_fooo,twitter
coolstoryliz,twitter
alexx_henryy,twitter
cookiehernandez,twitter
mj16,twitter
fortunafiasco,twitter
juliettefinee,twitter
andresabud,twitter
drmonicaquezada,twitter
tasoulis44,twitter
heatassdimes,twitter
sunburst_bass,twitter
youngfatjesus,twitter
saraagxox_,twitter
jpluna247,twitter
mariovazquesz,twitter
micahoranxx,twitter
kdotfabian,twitter
misserikagee,twitter
extrodinaharry,twitter
juanmedina1126,twitter
bellamazing17,twitter
itsamemariox,twitter
mrscarpenter4ev,twitter
stephaniefouad,twitter
carleycalcao,twitter
_alexdeguzman,twitter
blancorobert_,twitter
pa0layyy,twitter
karijimenez018,twitter
gomezangiee,twitter
ayyye_eric,twitter
cynthiadmendoza,twitter
karinaa_ariass,twitter
_masterrick,twitter
alblacks_,twitter
theirlaughs16,twitter
c3phoe,twitter
noelgonzalez87,twitter
thatbitchlily,twitter
aprilsxy_,twitter
mmichelleaamy,twitter
carolinamagana_,twitter
xo_christivn,twitter
_junior444,twitter
x_ae96,twitter
isxbellxx,twitter
roman8008avalos,twitter
blancaisela_a,twitter
sheylam_04,twitter
andrewjperez,twitter
themrscorella,twitter
dmoantwan,twitter
baiotelitubbies,twitter
badkinks182,twitter
bellahood805,twitter
em_andreaaa,twitter
shadowneon10,twitter
lene13ari,twitter
b_cortezz,twitter
da_manman_24,twitter
1dmylife691313,twitter
kevin007_,twitter
vanewoots,twitter
callmeheidiii,twitter
sebastianmrls,twitter
_kcccc,twitter
_lalalaura,twitter
nelsonriverajr,twitter
sabritful,twitter
gcaesar24,twitter
babymommasyn,twitter
jbsmjle,twitter
ch1k1llo,twitter
bromar96,twitter
realalexmeneses,twitter
sofiaworksit,twitter
ccortave24,twitter
aspen_buck,twitter
chantirachelsea,twitter
itsmenavil,twitter
nikkidoc_98,twitter
markchavez805,twitter
karla_nayelii,twitter
authorabilene,twitter
_rosario18,twitter
braaaaaatny,twitter
noerlvera,twitter
alondrah18,twitter
monsedp28,twitter
xotonyy,twitter
estebanjunior4,twitter
geekykitty2799_,twitter
jason_rico,twitter
gangsteroflove_,twitter
kelseyannee_,twitter
rriverosm,twitter
pauzcontrol,twitter
jedday_gump,twitter
professor_danks,twitter
cheks_gzz,twitter
raessaelsemaj,twitter
itszyaimontalla,twitter
unpoetaironico,twitter
therealmariog14,twitter
heyheydolan,twitter
torres3denise,twitter
pjrojas1975,twitter
dylgivens,twitter
ramirezhectorm,twitter
lizzethmorgan,twitter
joelsgreaux,twitter
celiasanchez_s,twitter
babymarzzz,twitter
andreepaigee11,twitter
antroncinco,twitter
isabelkcc,twitter
its_eli_50,twitter
thatguybraad,twitter
duhhnielaa,twitter
rubydesirae,twitter
mister_tint,twitter
sofakingradio,twitter
jaypeezy31,twitter
onelove__1d,twitter
moenica28,twitter
dustbunnymafia,twitter
irismgrz,twitter
hescontent,twitter
mayadaniellep,twitter
essienfrank,twitter
miss_jauregui21,twitter
angie_west17,twitter
thearcuate,twitter
big_rob2516,twitter
luisisntfunny,twitter
mermaidchansons,twitter
alysssageee,twitter
kylee_montano,twitter
moodyscience,twitter
cantidiamore,twitter
arianaderas,twitter
jennyfer_zuleta,twitter
ninabgonzales,twitter
jonathanippoli1,twitter
faithybiebs,twitter
andyz1o,twitter
aubmax,twitter
jezzzmaarie,twitter
montserratce,twitter
nani_reikan,twitter
its_me_larriete,twitter
destinyycx,twitter
hakophajibekyan,twitter
jessicakaede,twitter
duhkarlaa_,twitter
fdelcorral,twitter
andraaresty,twitter
angelmcastillo,twitter
summeroid,twitter
justinxjoshifer,twitter
waba789,twitter
dannycarrizoza,twitter
littlematona,twitter
zaul_chavez,twitter
thesalazo,twitter
27kinds,twitter
lulibelvicente,twitter
yummiiex,twitter
loveeespell_,twitter
xdrxn_,twitter
juan_lokotelol,twitter
nicknotnicky,twitter
genuinemitzi,twitter
agripinagermani,twitter
t_dawgg698,twitter
abreemontana,twitter
casssiegurl,twitter
annakosmonaut,twitter
ohnonataliee,twitter
shazzam_69,twitter
alwaysirene,twitter
alvareza9,twitter
ashleyanaomi,twitter
claudia51015,twitter
teatoee,twitter
sofia_treviohs,twitter
tmzwes,twitter
rodrigo__parga,twitter
bredssts00,twitter
ikissedtee_,twitter
rubenreyes562,twitter
ileanaisarose,twitter
edwinrosa19,twitter
xonmywaytohellx,twitter
bigpapi_nathan,twitter
ggtavs,twitter
myanimewaifu,twitter
feede_rosales,twitter
j_ose18,twitter
iseektruth007,twitter
dxniarisxa,twitter
jorgie_kins,twitter
mariah_811,twitter
happypappii,twitter
bypamelaavila,twitter
yungcy__,twitter
agus_visentin,twitter
charlierodarte1,twitter
fucken_saul,twitter
palmitalokz,twitter
klauuvonm,twitter
whinem0m,twitter
hi_kennyg,twitter
mikeylovesmiley,twitter
magconftrubius,twitter
kathiagcamargo,twitter
sickle_claw,twitter
nataliemahonex,twitter
marcomontee,twitter
danny_demented,twitter
topsjauregui,twitter
toxiclexiee,twitter
littlehulk125,twitter
juuicyzaay,twitter
josevii14,twitter
yxngstyles,twitter
esparzadanny31,twitter
maryfer_reyes,twitter
sydneeeyd,twitter
amadochoa,twitter
lapaperboy,twitter
jacobmemoirs,twitter
themrbenjamin,twitter
kybrucee,twitter
ladygagacraze,twitter
coachknocc,twitter
andresmur10,twitter
gnoccofritto,twitter
_kimberlyromero,twitter
gogglesbomaye,twitter
mjthellama,twitter
notxedge,twitter
dxviliamu,twitter
dopeitsdonny,twitter
amycwest,twitter
cornejoruben,twitter
heldinea,twitter
moan_juliee,twitter
1shadysun,twitter
shels06,twitter
wyndapuspitaw,twitter
aimsacit,twitter
xox_maaria14,twitter
young_danny10,twitter
elmaleanteoc,twitter
suzy_x_groovy,twitter
danielaacee,twitter
chicasbalbistas,twitter
freakingsusie,twitter
valentinuuh,twitter
vivalarafa_,twitter
jstdoitnow1157,twitter
barajaslucy,twitter
yoshi_smiless,twitter
deggowaffles,twitter
jorgedanielruiz,twitter
reflex76,twitter
wnavidad,twitter
genesisdiaz__,twitter
caliiisugar,twitter
isaac_zn6,twitter
anasofigallegos,twitter
nathaliarojas7,twitter
brandonkearth,twitter
yascaraxo,twitter
ch_eekygirl,twitter
basicvane,twitter
alacran1558,twitter
yessyluna_,twitter
groovysebs,twitter
joeezzyy,twitter
ayeeeitsjudith,twitter
skehps,twitter
mariiiaaxx,twitter
tana2turnt,twitter
gloriusjbieber,twitter
kevviinn___,twitter
vivifarfar,twitter
heartdegold,twitter
renkades,twitter
im_enagem,twitter
chrnalngnlla,twitter
nicninjaa,twitter
ddeuce_2,twitter
delmondjones,twitter
emmanueldeak,twitter
karlaavalera,twitter
derickarmijo,twitter
evelyn1d9,twitter
karlammejia,twitter
trajekbeats,twitter
sofiicarp007,twitter
iaruperalta3,twitter
jesserojass,twitter
laurbits,twitter
victorve97,twitter
calibravesfan,twitter
juandizzles,twitter
brittonj61,twitter
96sdo,twitter
tanya10898x,twitter
la_cancion,twitter
noemi_cardoso,twitter
_clevername,twitter
ariana_poma,twitter
imyourdirection,twitter
kervysdamian,twitter
yesikastarr,twitter
kristeenvingne,twitter
k_rikian,twitter
_jbanks__,twitter
flower_xo_child,twitter
brooklynboiii15,twitter
xiomarahuaman,twitter
louisradtke,twitter
fer13martinez,twitter
yosoylolo,twitter
cregloc,twitter
slxk_rick,twitter
lovelynidia_,twitter
preciousmarlena,twitter
dylanwbritt,twitter
izzfoshizzle,twitter
paaowow_,twitter
cristinagee6,twitter
titoperez,twitter
youlilua,twitter
ciannadipuma,twitter
elle_lo,twitter
cindy1017_,twitter
jazzy___cx,twitter
deuxcadenas,twitter
adrianaaliv,twitter
shut_up_tom,twitter
rickydiazmusic,twitter
crystaalmoraa_,twitter
pimenov_lia,twitter
sofymier,twitter
soulbrothawoody,twitter
fyl_helloer_guy,twitter
itischildish,twitter
_smokeeyy,twitter
darnhipsters,twitter
alexisalba10,twitter
demlze,twitter
lovelykaii,twitter
_aanalyy,twitter
katysanchez813,twitter
_bellatorne,twitter
amanda_cerdaa,twitter
jaredbutler23,twitter
securityjobcent,twitter
simply_delia_,twitter
ebonillaaa,twitter
trayc_price,twitter
cozyboychris,twitter
emilyyeatworld,twitter
lowkeyfatimaa,twitter
perry_gaher,twitter
missgabcia,twitter
deongriffin,twitter
adriidomiingo,twitter
shekelleija,twitter
therealmassiel,twitter
drewcruz88,twitter
whatup90a,twitter
valzlopezftw,twitter
ferreyramaaxi,twitter
jazmin34256,twitter
ithinkfuckthis,twitter
mchipatecua,twitter
leeshknowsall,twitter
iamsifuentes,twitter
maribonita2,twitter
magmajestic,twitter
nenajasso14,twitter
sarauhling,twitter
_erikamontano,twitter
alex54ruiz,twitter
boozillla,twitter
7_rayan360,twitter
carrot1dam,twitter
b0yleheights,twitter
frvrfangirl01,twitter
urbanguat,twitter
_kovalczik,twitter
afallennangel,twitter
cheeser95,twitter
cedillodaniella,twitter
pgfederico,twitter
shutyobitchasup,twitter
thiskidoscar,twitter
agusspalacios,twitter
saintsnlakers,twitter
_adamrocha_,twitter
chachitron,twitter
jellinotjam_,twitter
albaaagriiier,twitter
irakirsten,twitter
abebaby805,twitter
wronglsh,twitter
mirandajocelyn_,twitter
josegalvez,twitter
_lorenaeperez,twitter
iamoscartrejo,twitter
michellehealyy,twitter
ginadacciaro,twitter
theplayeerz,twitter
am_alia_,twitter
roblessk8,twitter
almaadee,twitter
jb_legit,twitter
izzymandanix,twitter
deniserobot,twitter
eaaguina,twitter
bellabals,twitter
bomb5_j,twitter
fansjaimemayol,twitter
roarcio,twitter
moneyshotronny,twitter
teenthotsider,twitter
valenblo,twitter
_jsizzle7,twitter
iamkennedylamar,twitter
chris_hurtado15,twitter
anahihf12,twitter
alexism_29,twitter
xxmartin5xx,twitter
scvcg9293,twitter
marciee19,twitter
_meladork,twitter
casssie_21,twitter
bianca20_,twitter
sergiodelator14,twitter
arianemugnier,twitter
dangeroscar,twitter
marinbieber22,twitter
annaisvalencia,twitter
elio__martinez,twitter
ss_adilene,twitter
_ppattiki,twitter
miriam__rueda,twitter
lakeshow24roger,twitter
mariaana_4,twitter
dalvarezxo,twitter
olmosdogyt,twitter
superkrizza,twitter
jordynbassler,twitter
feligo25,twitter
randyehh,twitter
juliangomez_97,twitter
_stephgonzalez,twitter
babyxtsunami,twitter
cytlaly_munoz,twitter
melaniedoblas_,twitter
rosemattic,twitter
jonalexsilva,twitter
sofidovico,twitter
sydjohnson97,twitter
adrianacuriel,twitter
martin3zandr3s,twitter
k_babyy72,twitter
lucykrisss,twitter
thelaplayboy,twitter
htgawmjerrie,twitter
alee_ehmm,twitter
versaceloya,twitter
elaizalutdc,twitter
dr_alarcon,twitter
davedeeone,twitter
trapia808,twitter
micho_chuy69,twitter
dearestmarylu,twitter
pauletteroyce,twitter
maaza__,twitter
itsjael_10,twitter
marisolzelaya6,twitter
cobygunin,twitter
gayandburning,twitter
elena_sanjuan,twitter
asbtumor,twitter
daniielauriarte,twitter
kevin_orellana3,twitter
gilliantaylor_,twitter
ayeemarkk,twitter
artpeachh,twitter
resendez_alexis,twitter
carlos_film,twitter
rosiegee__,twitter
ayeeitschelsiee,twitter
yajaira2310,twitter
missvargas3,twitter
natdizzzllee,twitter
_caarrlooss,twitter
yourenickaragon,twitter
bianncaaaa_,twitter
arianampolanco,twitter
ebony_chavez1,twitter
mario_fcku,twitter
kerford_,twitter
rudy_3c,twitter
gaybiden,twitter
deejayyriches,twitter
jcruzz_,twitter
kragenkz,twitter
pnxtdoor,twitter
annacvetkovic,twitter
jcebreros52,twitter
itzxmayya,twitter
x_cuddlycalum_x,twitter
andreacortezzz,twitter
definitelykiana,twitter
thamy9814,twitter
hoeready,twitter
angiefiggy,twitter
sarahserranoo,twitter
douthite,twitter
valeria_nunezzz,twitter
cristiaan_00,twitter
stereostef,twitter
mataflocka,twitter
chef_rogerx,twitter
rozy_pozy,twitter
_nessboo,twitter
elizabeth_cruz9,twitter
francis_lopez,twitter
nickortiz91,twitter
phily_flores,twitter
kimmie_diaz23,twitter
danielaantt,twitter
martinjrafael,twitter
lorddelacruz,twitter
aldrinfarfan,twitter
xjustinmagconx,twitter
originalaurore,twitter
mufcmaxwell,twitter
pabloliebanana,twitter
kandyyyyyyyyy,twitter
e1bacb5b6e92480,twitter
claudiaswims,twitter
garydaquan,twitter
gabbbsz,twitter
solo_mariajose,twitter
marlee_denise,twitter
ladinenclub,twitter
pacheco_btr,twitter
_kaylaw29,twitter
brizo_gee,twitter
alisonnunez27,twitter
dimelovelez,twitter
eromo_42,twitter
thats_so_maddy,twitter
greengiantmc,twitter
seriopedoo,twitter
brunisheckler,twitter
whateverjason,twitter
hector_deleija,twitter
manuhortega9,twitter
draftbound_dez,twitter
mmari2539,twitter
lauriedarko,twitter
blamemeli,twitter
dianac143diana,twitter
daniel13_c,twitter
jesus__gomez_,twitter
ale_xandraaa26,twitter
lanamountainlou,twitter
xpdcsv,twitter
jg_xxiii,twitter
ummiriam11,twitter
ibolyliew,twitter
luisahumada51,twitter
s_brittney,twitter
catalagunas,twitter
odalisgcruz,twitter
victoria_jas2,twitter
artbyriana,twitter
itsdatnunu,twitter
jboogii_,twitter
itsravenbro_,twitter
roxasora__,twitter
malia_rey,twitter
hail_lucius,twitter
_zvek,twitter
jenrzl,twitter
__pepxxx,twitter
cookielangas,twitter
wolvemalik,twitter
garciamorett,twitter
tisha_dz,twitter
stefany20028,twitter
nsgarcia10,twitter
jenniffervasc,twitter
oyeezesoyyo,twitter
leilaawad845,twitter
do_vargas,twitter
_moni18_,twitter
indianfalife,twitter
feistyhalsey,twitter
dearargie,twitter
joakomirasol,twitter
stephaniefilo,twitter
mistaphill,twitter
lrekuer,twitter
chrisestrada85,twitter
xlichi,twitter
danieltorres042,twitter
alexorange5_,twitter
asmuniz,twitter
nappyxroyalty,twitter
jiminxgot7,twitter
cindymireles,twitter
alvaradob94,twitter
mirandacxx,twitter
genesisparente,twitter
mollyyvee,twitter
alexandratw24,twitter
janeee_baby,twitter
desssss17,twitter
freakencarmen,twitter
w4ppy,twitter
jennyguan_,twitter
hanselliveonce,twitter
xjulissa_,twitter
missespiii,twitter
genesisdiscua,twitter
mirizgs,twitter
edgarrfoo069,twitter
liveforcena12,twitter
plushanpis,twitter
vluis301,twitter
sisiturcotte,twitter
adamlevinefk_,twitter
07johnny,twitter
prime_lili,twitter
xcrodx,twitter
quinnbsheridan,twitter
ramiroportero01,twitter
ayala_herbert,twitter
thisjazzcat,twitter
harusomi2,twitter
rchrdclc,twitter
jossie_luv,twitter
ohwhatitsmeels,twitter
barbystylinson,twitter
escobedolizette,twitter
ivannstrano,twitter
illestaguilar,twitter
epiccmike_,twitter
shogonic,twitter
markmuro2,twitter
jriosofficial,twitter
paulinesources,twitter
gaberivas03,twitter
jraw_wwe,twitter
maritererbellas,twitter
urielhernandez_,twitter
eduardinho_27,twitter
deeeebo__,twitter
soccerstyler11,twitter
sunflower_mia,twitter
eyaaaa_,twitter
macias_eduardoo,twitter
ljaymalinis,twitter
jesvs__,twitter
war_surge,twitter
brenditaibarraa,twitter
yunngmel,twitter
theemoii,twitter
alexcoronaa1,twitter
_xxrockera13,twitter
lovee_maryy,twitter
natasinmontar,twitter
vannesibrian,twitter
d3skins,twitter
bitchinvega,twitter
andresdajil,twitter
ohhnany,twitter
pussywagonxlbc,twitter
locapor_nutella,twitter
remy0463,twitter
brenders11,twitter
ramanthasivera,twitter
gabysoaresx,twitter
mostdopebrayan,twitter
chrismccomas_1,twitter
lennonedwin,twitter
baby_kyu15,twitter
i3daniel,twitter
guerogreen,twitter
laurenashleeq,twitter
silvaannaa_,twitter
naralyavila,twitter
paken10,twitter
julian_loza69,twitter
sacayon01,twitter
emilio_garcia31,twitter
flotiboyy,twitter
krazzyk95,twitter
mariiooh,twitter
kcachito,twitter
cruzerpimentel,twitter
allisonkim15,twitter
j_xvier,twitter
aprilnineth,twitter
nikeair_kb,twitter
bobbymarc,twitter
whoodat_,twitter
copymaria,twitter
amyvm10,twitter
jasmunozz,twitter
smilone1968,twitter
mynorbap,twitter
ljfreites,twitter
2914_1,twitter
thenameisjacks,twitter
caroborges2209,twitter
_ayolindaa,twitter
kingcolochin,twitter
lilly_yasou,twitter
_fredyh,twitter
djescobar23,twitter
karenperaltalee,twitter
vianneyhoran_,twitter
hardcorelizzy,twitter
denisseyvonnee,twitter
fishboi14,twitter
juannreyesss,twitter
dannytorres95,twitter
alexarrae,twitter
jsanchez403,twitter
oz_miracle,twitter
yadirastyles23,twitter
brewzrr,twitter
biancaanaomi,twitter
lizzieninette,twitter
itzeel006,twitter
unique_ebeny,twitter
lunchbox_323,twitter
ilovechiiiiiix,twitter
j0rg3b01,twitter
kl4xons,twitter
gcxox,twitter
alexasstastic,twitter
myriahlee,twitter
ponchozole,twitter
eddiejay88,twitter
kenyaazedithh,twitter
marlonmaxmm,twitter
crispee49,twitter
tommy44vercetti,twitter
gmga__,twitter
rubyacostalot,twitter
reus11__,twitter
sofiaferrelli3,twitter
sarahihorans,twitter
forevergiselle,twitter
motavator070,twitter
bello_fiamma,twitter
hotterthnafrica,twitter
jeniimiranda15,twitter
crunchtime25,twitter
ashielyy,twitter
marescovaleria,twitter
christianajon3s,twitter
vip_nightlifela,twitter
anthony_cas35,twitter
xoerinnmariee,twitter
ari_carrillo5,twitter
mannemilio_,twitter
bachmode,twitter
josefranco_,twitter
dayanamite_,twitter
melialegre_lh,twitter
binkybabyyy,twitter
citlalli_has_no,twitter
jonny305diaz,twitter
erik_mkrtchyan,twitter
luis_diaz15,twitter
itsjennbug,twitter
almightydroogs,twitter
vlhashley,twitter
beckyluvzpandas,twitter
lovinghstyless,twitter
violencedemon,twitter
omgitslalo,twitter
_lupitahhhh,twitter
lanonprofit,twitter
_alexadanielle_,twitter
rafaelventura,twitter
meeahmixon,twitter
gabyburgara,twitter
sarahsanchezzz,twitter
lzbthrmrz,twitter
sactvadan,twitter
m_gon14,twitter
oficialariana1,twitter
royce_veronicaa,twitter
gamboa71434,twitter
angel_iglesias7,twitter
lane_emilyb,twitter
dolcexgabanna,twitter
maddybr1,twitter
asantacruz562,twitter
suiicunee,twitter
itssmm___,twitter
odinfhaf,twitter
avriejoan,twitter
sakura_sakura1,twitter
pimpdaddyperez,twitter
marnetinho83,twitter
aiiinm_,twitter
_vpdx,twitter
xs26zx,twitter
iantoniojohnson,twitter
cprettychild,twitter
ajahstarr,twitter
miriann_gee14,twitter
ashlee_makenna,twitter
__ericaortiz,twitter
darshanaadallas,twitter
martiromero3112,twitter
celeste9mu,twitter
aperez5419,twitter
april_marie92,twitter
camgirl_live,twitter
aleisboring,twitter
jessicaelisa,twitter
showteckz,twitter
folsper,twitter
julisssaa___,twitter
mramirez199749,twitter
jessvna_,twitter
jake_mitchell9,twitter
clarftweets,twitter
macias181124,twitter
raneenshehadeh,twitter
gqman24,twitter
__sircharles__,twitter
patricia_a32,twitter
wimllydanslarue,twitter
onhuntymoonave,twitter
kbg12___,twitter
kingtero__,twitter
sammybooboo_,twitter
chris1_la,twitter
maritzaxxo,twitter
yungcez24,twitter
stonealchemist,twitter
officialchody,twitter
tristprit,twitter
kevinbaca02,twitter
marianatolozar,twitter
bxruizz,twitter
ojeslavaa,twitter
stonerasspaisa,twitter
brooklynfromla,twitter
kvrinaa,twitter
dianaher230,twitter
juuaannes,twitter
lessley_98,twitter
zepoltan,twitter
tneaa2,twitter
luisfersosa,twitter
awhshawnn,twitter
megantalbot02,twitter
cortez_julie,twitter
jjbubbl,twitter
justsammy_1,twitter
juan3urias,twitter
bryan_bunagan,twitter
deejayziggy,twitter
chavita_18,twitter
veronicalmorris,twitter
the_julienator,twitter
samuel_7_14,twitter
romanoe_,twitter
troptastic_,twitter
rgaaabie,twitter
kidd_serg,twitter
thisis_mary,twitter
ramirezdee95,twitter
eddygeeee,twitter
armihanaa,twitter
chestersbuckets,twitter
dearestsnappoh,twitter
lupevknight,twitter
jeanette07_,twitter
pokej,twitter
katieayala01,twitter
abraham929292,twitter
canalesjulieth,twitter
bacosarejie,twitter
anaejolie,twitter
xfernandoromero,twitter
cinthiax16,twitter
julianatoloza1,twitter
vernoff,twitter
jv1rz,twitter
queenvanesuh,twitter
stilladrian,twitter
julioaayala94m,twitter
twill_superstar,twitter
mark__got7,twitter
vergaraairica,twitter
tubsy_gabe,twitter
jennayrodriguez,twitter
jon_x_163squad,twitter
xoxo_kate10,twitter
emsquuared,twitter
wbmike_,twitter
mitodtz,twitter
elemontero1,twitter
anita_mp14,twitter
ashh_35,twitter
rudysantana10,twitter
j_gutierrez2430,twitter
scowlboyh,twitter
_cheisanaima,twitter
miaaaagrayson,twitter
hershaaaaaaay,twitter
2010to_infinity,twitter
dianerbananers,twitter
ashleeyaragon,twitter
montse_lynch,twitter
enxque,twitter
mnbento13,twitter
mason_702_,twitter
millyenaone,twitter
brizky_vsquez,twitter
seashrubs,twitter
samilly_drew_94,twitter
xrikaaa_,twitter
tumami_brendaa,twitter
ps_esmeh,twitter
marvinoso98,twitter
mateolone,twitter
reliquiaslarry,twitter
aliciaagibert,twitter
brauliomoretz,twitter
td__wilson,twitter
_lunamoth,twitter
_lupittaaa,twitter
carillohoracio,twitter
bastianvalois,twitter
naim_montoya,twitter
assiram_14,twitter
sponhav,twitter
leo4thewin,twitter
glokitti,twitter
alexhorandeel,twitter
juliacesana,twitter
guillermosf,twitter
yungmatcha,twitter
zaneh_93,twitter
soulived,twitter
emimaarie,twitter
andrea1328,twitter
carpenters_bae1,twitter
renndawggg,twitter
oscarcoatl,twitter
cuco36u,twitter
meech_007,twitter
ricky_171_,twitter
alibra_27,twitter
rom10x,twitter
getcamachoed,twitter
vfatboii,twitter
veronicaqm,twitter
domingueznaomi8,twitter
oscarecoy,twitter
chrisssxc,twitter
dimna_,twitter
mateoy37,twitter
joshie9208,twitter
danm4n,twitter
http_hlmy,twitter
22_sig,twitter
copitola,twitter
lunaloverad,twitter
laraa47,twitter
jeibui,twitter
wtfurick,twitter
biigbadwolf,twitter
_beccablair,twitter
brianbp626,twitter
twinkiec2,twitter
guilleftruben,twitter
bad__13,twitter
honeybeeee33,twitter
kingspapa1015,twitter
theg_94,twitter
mgmixo,twitter
reyeslotusgroup,twitter
thriftymcfly,twitter
rene_alvarado6,twitter
emmanuel535,twitter
__centeno,twitter
_fuckenrosie,twitter
sergiosalizq,twitter
theetrojanman,twitter
valsheezie,twitter
obizuth,twitter
williammungall,twitter
marmar__r,twitter
bravoo5,twitter
martinherpderp,twitter
manzano2193,twitter
angeles_jamie,twitter
inimitablermj,twitter
iamalynchg,twitter
itsdevon08,twitter
miarenteria123,twitter
tcota3,twitter
chinchthegoat,twitter
essmeraldasauce,twitter
murrrcielagooo,twitter
tonieekaboom,twitter
lexxnavarro,twitter
johadecarlo,twitter
jossee__,twitter
mrp90tx,twitter
ayy_chinito,twitter
elizabe67396221,twitter
1trulystephanie,twitter
caryllcollins,twitter
dphblndx,twitter
stephh_ponce,twitter
thewalkingcris,twitter
sameemonique_,twitter
josephinejael,twitter
lylarenne,twitter
ttrpz,twitter
mustangmario,twitter
itianavila,twitter
yurecelin,twitter
dreeaababyy,twitter
komarudes,twitter
arielflo05,twitter
yaritxavilla,twitter
eric8a92,twitter
_jrs40oz,twitter
gabiesakaoghli,twitter
sanchez996,twitter
atapia895,twitter
aggejr10,twitter
assssyia,twitter
dazedly_,twitter
victoriazee,twitter
ivaaaaann__,twitter
starbyheart,twitter
cruzewestby1,twitter
destinydevanae,twitter
_karla4nia,twitter
lovingthevamps,twitter
thegustavomunoz,twitter
misslaurajoyce,twitter
kevinkhidd,twitter
davethebraveee,twitter
raulinho__23,twitter
vanessaamolina_,twitter
wendylandia83,twitter
eduardocuetara,twitter
jade_killz_,twitter
nataliaa671,twitter
babby_cow15,twitter
ver_gee_dee,twitter
leslyarevalo_,twitter
_rosaalindaaa,twitter
jorgede36371120,twitter
guadgtz,twitter
_itsmarlenee,twitter
henryda3hunnith,twitter
crono909,twitter
sergioproaa,twitter
rociooxob,twitter
figphoto,twitter
ashturcios,twitter
fernanboom,twitter
datguyllamas,twitter
maicol_t_,twitter
leeheeuh,twitter
masatsuzu,twitter
michgosling,twitter
dxxvii96,twitter
allysonnnm,twitter
_nickalvarez,twitter
xochil_noemi,twitter
drawmedownyhea,twitter
danielasayss,twitter
baautiii,twitter
bianca_434,twitter
stacyyy24,twitter
skipme_,twitter
aligarcia93257,twitter
dabisss22,twitter
anamarvett,twitter
eyaguilar,twitter
caprissunn,twitter
polobear69,twitter
mirrperez,twitter
thomasjreyes,twitter
mannymarquezz,twitter
debbie_hern,twitter
whoisshaz,twitter
nahuelfabian_n,twitter
enriquez_ces,twitter
fuckfifteen,twitter
xmelinax2,twitter
_vanessapim,twitter
crystaalizeeed,twitter
vivalaflor,twitter
jenn_h012,twitter
ochoasamantha_,twitter
jamiwyman,twitter
twisted_tania,twitter
alyagabriele,twitter
bperalta25,twitter
mayingbata,twitter
valenmira345,twitter
thatchickeunice,twitter
camsthagod,twitter
georgemorenof4e,twitter
nadaytu,twitter
vallejoangel8,twitter
friendalexa24,twitter
_johnny23_,twitter
aaronesxalera,twitter
amilksssss,twitter
god187father,twitter
becamitchell_tm,twitter
joseeguitron,twitter
bruin4life22,twitter
mike818_,twitter
_glupegarcia,twitter
officialdavid_g,twitter
brian_guz13,twitter
crystaldelamora,twitter
fgudi97,twitter
carrion_xcv,twitter
alesosaoficial,twitter
ayyealberto__,twitter
jgtepa,twitter
johanaaesquivel,twitter
nessi_flower,twitter
melppomene,twitter
ayeefroimovich,twitter
crln96,twitter
castro902,twitter
sarasofia36,twitter
paulinaxo123,twitter
deadthrne,twitter
dan_ielc,twitter
marielam_13,twitter
thewalkinggabby,twitter
paredg2,twitter
georgieman393,twitter
princessainlove,twitter
olive_vane,twitter
rochi_scaliseok,twitter
anaa_eg,twitter
dreaaflores,twitter
xbabygirldezx,twitter
childish_ace,twitter
mamxo95,twitter
itsaroi,twitter
alexso_sa,twitter
ahoy_chinita,twitter
david123jr,twitter
taline_esser,twitter
_rubenlomas,twitter
hilarykosty,twitter
juliangremory,twitter
bellakrisbeth,twitter
celestelmao,twitter
ipeterchavez,twitter
ceekid96,twitter
matthewalvarez_,twitter
resendiz_andyy,twitter
philllippcx,twitter
emachtus,twitter
noefrancosr3,twitter
drealorena,twitter
laforr3al,twitter
alexayala562,twitter
addxcted_01,twitter
santicasta527,twitter
suckafreechich,twitter
marlonvalencia0,twitter
angeltovar10,twitter
ethangraysbup,twitter
roxanne_reeves1,twitter
tonny_ch,twitter
kar3nts,twitter
ptvmely,twitter
becca2000,twitter
gomezrosana2,twitter
primitivepizano,twitter
_minimiee_,twitter
jovanalizzet_,twitter
oohnonialler,twitter
gabedababe47,twitter
rawski42,twitter
jose_chatomeza1,twitter
estrayas,twitter
ebertto,twitter
e_sanchez_99,twitter
_classicjules,twitter
__kasei__,twitter
swaggy_mila,twitter
jandrestrujillo,twitter
eduarrrdo57,twitter
robertocr1,twitter
danielluvskaren,twitter
cassandramota_,twitter
sarcastichag,twitter
mendozaluisaj,twitter
miagalvezz,twitter
wreevo,twitter
ojosdeldemonio,twitter
ilovelatag,twitter
swagalini_,twitter
juaancibello,twitter
casamorata19,twitter
thelionsdilemma,twitter
chhlcmay,twitter
madchild__,twitter
emmfitzgeraldd,twitter
angel_1molina,twitter
dreacorrea,twitter
zaratem_,twitter
ag__54,twitter
imthagrl123,twitter
ovrexcitedchikn,twitter
karen22ibarra,twitter
catalina_cee,twitter
narinegharibian,twitter
pj_patriciaj,twitter
fatimaavaldez,twitter
maria_diaz18,twitter
mzonmiriam,twitter
xoxoccx,twitter
montse_bones,twitter
alexandriaaaac,twitter
richardmabery3,twitter
chiiiimp,twitter
alissuh_,twitter
jjvkendall,twitter
hanawoodward,twitter
justrina19,twitter
_alondraa01,twitter
carlos_dogg,twitter
sarapinto7,twitter
valencorrea26m,twitter
jay_reeh,twitter
x3rick_,twitter
chadaaron671,twitter
__vlejvndro,twitter
coolandexplody,twitter
michaelflorezzz,twitter
cg25__,twitter
pinkcrushials,twitter
amasiox,twitter
ekilora,twitter
binichsicher,twitter
lupeee_cx,twitter
fernando7085,twitter
lizjimenz,twitter
averagesadiee,twitter
bietzsch,twitter
thetlmoran,twitter
tonytorrez1,twitter
er_bearrrrr,twitter
mychellex,twitter
funkboii,twitter
monica_serna16,twitter
justgetcurious,twitter
ericvazquez68,twitter
bruhitseric,twitter
ivonne_815,twitter
tess_mau1d,twitter
cubankat_18,twitter
ecisonthis,twitter
jccastaneda7,twitter
thereal_cuellar,twitter
_kawaiikittyy,twitter
eaarrl,twitter
rubenpimentel95,twitter
crimsondove14,twitter
ankeens,twitter
jakitkat7,twitter
cgonzalez_1105,twitter
franksettledown,twitter
christinalopez0,twitter
pachiga,twitter
_ovobaby2,twitter
rissy168,twitter
maccoffdaave,twitter
irenetde_,twitter
paolanicole515,twitter
ricardoobessa_,twitter
mrsolo3000,twitter
brunomillcrx,twitter
juliajuliakerly,twitter
dietob0rn,twitter
monster1234579,twitter
raysandoval25,twitter
iamcandygnzlez,twitter
fernytheqb18,twitter
lord_botch,twitter
itswonderharley,twitter
_edgrrr_,twitter
lizethxiv,twitter
lepremarko,twitter
gcarmona_,twitter
thejosueperez,twitter
bryannnchavezz,twitter
ashleyypelaez,twitter
nickoroz,twitter
svmethin,twitter
gonzalezbrianne,twitter
berniekardash,twitter
_lizziegarciaa,twitter
player90247,twitter
dani_alfaro_99,twitter
stfuvera,twitter
maidensantaana,twitter
plascencia_um,twitter
_javaloy,twitter
fridapavo,twitter
ro_marv,twitter
joryjulia,twitter
albertuzmz,twitter
dvaldovinosm,twitter
steban_sp,twitter
obi_roll_wan,twitter
jmed1na,twitter
gehetrouble,twitter
real_nigga_nik,twitter
_padillamiggy,twitter
tinydancerrr_,twitter
dannycruz69,twitter
a_dizz_le,twitter
erikvsantos90,twitter
ariannagfrias,twitter
cabezonalegre,twitter
superdestroier,twitter
kerenjoseet10,twitter
kevin50serrano,twitter
vlone6ix,twitter
imomarlopez,twitter
ohhitsizzy,twitter
scristian_11,twitter
babettebrundag3,twitter
fb5800332,twitter
el_jota_eme,twitter
p3dro007,twitter
4valen6,twitter
catchinglxvato,twitter
sucios_moblife,twitter
guccivanee,twitter
kissabuttt,twitter
_xomoran,twitter
adeedums,twitter
evocejo,twitter
nefyyy13,twitter
montieledder,twitter
kixquirarte,twitter
daisycarraa,twitter
catastrophicnan,twitter
richer_21,twitter
41771a82269844c,twitter
discretehandle,twitter
paulaanbrez,twitter
delioaleon,twitter
juwan2,twitter
27deoctubre2004,twitter
varela_isaiah,twitter
lifeasjassyjay,twitter
wthjavi,twitter
ms_mina_,twitter
amsir5er,twitter
cynthiadelrey__,twitter
qweenlindsey,twitter
carlita0917,twitter
adriann82c,twitter
kianac22,twitter
grazielleluize,twitter
erianastyles201,twitter
l_boi16,twitter
therealsgk,twitter
andyrod96,twitter
newstarz1985,twitter
rodrigoogalan,twitter
xobananaa,twitter
___x88,twitter
miguel_guzman,twitter
notswergio,twitter
theresa_r48,twitter
fidm_fanny,twitter
fawkinmichelle,twitter
cassierosea,twitter
m90026,twitter
reyesblossom,twitter
nicoskates,twitter
_jazleeen,twitter
mromero2598,twitter
rossell88147766,twitter
yxzzus,twitter
gonzonoho,twitter
sstarlightt_,twitter
felixqueengabby,twitter
gypsyjunkie,twitter
edgar_redranger,twitter
trojan_msw,twitter
ysab_l,twitter
joyceolib,twitter
ellina_gen,twitter
just_me_ot,twitter
hiraymondarturo,twitter
mridioteque,twitter
maggyta_sv,twitter
kevintobar21,twitter
saraiitorres16,twitter
calluxalius,twitter
adteutla,twitter
maryduron4,twitter
ryanjogarcia,twitter
abejitajanni,twitter
lizbethgriffo,twitter
giselleivana1,twitter
lilnigga_erika,twitter
lauraamagical,twitter
luis_ramirezz11,twitter
3ev_la,twitter
maritza_cabezas,twitter
ohhgoriaaa,twitter
_omgjerry,twitter
tehgamerchips,twitter
mandra_gora,twitter
revelo2000,twitter
osweetbabyjesus,twitter
eruvey_admr_,twitter
itsdreamer99,twitter
deucesprez,twitter
lilypad82,twitter
myrighttnut,twitter
yocastles,twitter
rauleschivas,twitter
kittyshesiare,twitter
gladis_merino,twitter
andi_norona,twitter
elizahbetch,twitter
solsampogna,twitter
robromo98,twitter
janelletzep,twitter
caroc1979,twitter
celeste2402,twitter
alyssa_villa3,twitter
samuullanos,twitter
pms_itsfrenchie,twitter
barbaramlykes,twitter
samvargas,twitter
jessiesilva_00,twitter
jef50_,twitter
cobrashotmess,twitter
andyboy_91,twitter
paula5garrido,twitter
eljotaerreape,twitter
missbreephoenix,twitter
carolvgap,twitter
georgette_66,twitter
manalover14,twitter
alle312,twitter
thechach83,twitter
khronhousereco1,twitter
soydanniep,twitter
jppe_122,twitter
mariamousexo,twitter
_jcalzadillas,twitter
captainxander02,twitter
lulurami19,twitter
okayyoandri,twitter
christofoi,twitter
blancoisco,twitter
senor_grif,twitter
franciscagil94,twitter
mattespinosawaf,twitter
joyful_jessica_,twitter
cortezreport,twitter
rickymcflyy13,twitter
ilovecollins1,twitter
pimpargentina,twitter
soygabogamer,twitter
krysta13109729,twitter
dylanmcc_,twitter
gabyazmartinez,twitter
deharo90,twitter
mexia000,twitter
acharmn1,twitter
lucerosoto14,twitter
sebass_zbt,twitter
soylasultana,twitter
daliathelion,twitter
nanatiggerz,twitter
burmella,twitter
itzjohn44,twitter
holasoygeo1,twitter
ronaldojoa7,twitter
floresmonster13,twitter
carmencuma,twitter
sakone,twitter
valvyfranco,twitter
perezsara59,twitter
adrhdzz,twitter
paf_0802,twitter
adrianruvalca19,twitter
vickilovesjenni,twitter
m_trujillo6,twitter
almaindiga,twitter
spicybeanz,twitter
marlonbrandoes,twitter
pimoraul,twitter
guad_5,twitter
guywiththetaco,twitter
hey_icy,twitter
_durans_,twitter
neymabuga32,twitter
badgalmells,twitter
donlala10,twitter
sergiocunagf,twitter
niallgirl_1j,twitter
elmaikdumid,twitter
katt2290,twitter
fonsecyami,twitter
lauraiselao,twitter
jackiestephh,twitter
acastellanos09,twitter
linabrucem,twitter
mrivanluna,twitter
betwitah_,twitter
yurgetvanegas,twitter
joearango1,twitter
drazzyemily,twitter
osoazteca0706,twitter
babyphatfun_,twitter
1906angel,twitter
jasonbroman2,twitter
zenung,twitter
m050711,twitter
1uz_3lena,twitter
alexsalaflash,twitter
wakeupcon,twitter