0l1l2,twitter
iamrealsmoove,twitter
johntarnoff,twitter
mamicv,twitter
armanwalker,twitter
exuiansis,twitter
aaronmsanchez,twitter
purplehayz,twitter
groditi,twitter
kairyssdal,twitter
baeorgasm,twitter
mrndar,twitter
martinaoprey,twitter
cesarmillan,twitter
dorotha_bulloch,twitter
nodqdotcom,twitter
kennyhamilton,twitter
mylastbite,twitter
realgdt,twitter
brios82,twitter
devincf,twitter
kinkysissyfags,twitter
xlnb,twitter
afshineemrani,twitter
socialmedia_mng,twitter
mayhemstudios,twitter
juanpabloraba,twitter
djfrankieee,twitter
mariolopezextra,twitter
maggielindemann,twitter
brookesarpell,twitter
kdeleon,twitter
baelessvibes,twitter
thomasb00001,twitter
news_jsc,twitter
elmayimbe,twitter
maliachigh,twitter
andrewbermudez,twitter
kaleysissy,twitter
eric_analytics,twitter
latimescitybeat,twitter
vincestaples,twitter
shanemosley_,twitter
profdauber,twitter
awardsdaily,twitter
ms_msmarshas,twitter
mikeelchingon,twitter
raqibmarvelous,twitter
loliypops,twitter
galacticasitrep,twitter
sissyhungry,twitter
poeversado,twitter
haloharris,twitter
elenabn07,twitter
moodeann,twitter
kenbutlerworld_,twitter
smalllinux,twitter
bbcjamescook,twitter
andrea_manea,twitter
sidneyjoles,twitter
latsondheimer,twitter
o_minimina_o,twitter
abogadalatina,twitter
moreno,twitter
fatilatuti,twitter
mizmeliz,twitter
cathy_mescher,twitter
amy_geek,twitter
officialdannyt,twitter
hoopsoverhoes_,twitter
webjournalist,twitter
patrioticgeek,twitter
blairunderwood,twitter
lamarrwilson,twitter
cmackjr88,twitter
fscavo,twitter
iammatthewsbabe,twitter
skateboardfaze,twitter
johnvignocchi,twitter
londerswonders,twitter
abc7alysha,twitter
stockholmxliam,twitter
_sirhampton_,twitter
del_backspace,twitter
cristela9,twitter
bgallo,twitter
boytweetsworldx,twitter
michael_ludwig,twitter
sblackmoore,twitter
justbigboobies,twitter
yannusworld,twitter
mackabiviper42,twitter
briteandbubbly,twitter
niaiiaurent,twitter
renato_laranja,twitter
kilameri1,twitter
americonsumer,twitter
sarakwon_,twitter
pascalguyon,twitter
qreyes,twitter
futbolintellect,twitter
1990smahone,twitter
erbp98,twitter
jacobstuart20,twitter
valentinokhan,twitter
beckyandfrank,twitter
laflowers,twitter
jenny_sharon22,twitter
123simulation,twitter
whenscottfails,twitter
thescenestar,twitter
danfilm,twitter
immharvic,twitter
kidrauhlshawtyj,twitter
ryan__hyman,twitter
alexgelhar,twitter
losangelessrh,twitter
bangtanboysft1d,twitter
shelbygrad,twitter
ariel_dianzon,twitter
ardensboobs,twitter
theerealgrizzly,twitter
b2bmkt,twitter
mariabustillos,twitter
dubouchet,twitter
_artillery_,twitter
brianvibberts,twitter
quirkyjerk,twitter
ryanrosenblatt,twitter
merendacosgrove,twitter
xidontlove,twitter
javiereleness,twitter
renegadesgg,twitter
okayterra,twitter
savannah_posh,twitter
m_giacchino,twitter
theonecwc,twitter
markeortega,twitter
dreamvillenyc,twitter
elshowdepiolin,twitter
ana_cabrera769,twitter
heeiys,twitter
ricknajera,twitter
mauriciosports,twitter
hylandshealth,twitter
jennanncrosby,twitter
jlwoj,twitter
theamitie,twitter
ti3rrv_,twitter
slywilkinson,twitter
softest_hard,twitter
quinton_harris,twitter
elainepetrine,twitter
thechrisglass,twitter
mar_e_o17,twitter
seashellbabe,twitter
ogabel,twitter
elevatelaura,twitter
biebersarianas,twitter
bizzllauhl,twitter
nugiect,twitter
chrismatashow,twitter
msdanifernandez,twitter
melissa_dell,twitter
christinabound,twitter
familydocwonk,twitter
neuvoosantaana,twitter
reinagiselle,twitter
tstewartshiu,twitter
tacosnotwar,twitter
williammungall,twitter
cybernova,twitter
datuois,twitter
tetisheri,twitter
martinwarelive,twitter
ninabgonzales,twitter
ourfazinali,twitter
alex_wiley,twitter
marcambinder,twitter
wizzydizzymite,twitter
zftwarning,twitter
charmwitch,twitter
saweetangel,twitter
mhdsaandi,twitter
indienote,twitter
onetokenblack,twitter
love_thy_nature,twitter
carlos_a_tm,twitter
nalip_org,twitter
jlmadridfederer,twitter
securityjobcent,twitter
ericdadourian,twitter
mcastimovies,twitter
stephburkhart,twitter
carrieksada,twitter
josephcaptures,twitter
elejucatecam,twitter
soalexgoes,twitter
iselvarajmudali,twitter
brandon_bird,twitter
daniellem0nster,twitter
lablossom7,twitter
afmusica1,twitter
bigguccidirt,twitter
divineperez1,twitter
karaleung,twitter
edgarsandovaljr,twitter
daisysuarez,twitter
joefernandez,twitter
salcido314,twitter
onelovebelieve,twitter
davidhr4_2,twitter
covington__,twitter
buggsckers,twitter
marycummins1,twitter
helikerih,twitter
nhl_haiku,twitter
americaniife,twitter
rachirojas,twitter
oliverofruford,twitter
jalendotson5,twitter
pastaversaucy,twitter
adri16,twitter
vicyunng,twitter
yvngsmba,twitter
phattonez,twitter
avocadoisgod,twitter
byvirux,twitter
queenkaee24,twitter
elilieb,twitter
ikonmonstax,twitter
ugiyfag,twitter
monster_bri,twitter
alexanderheston,twitter
brokengirlftmgc,twitter
eddieonfox,twitter
christinecarril,twitter
lastking_richie,twitter
vulgopurpose,twitter
marioacobian,twitter
maloleysz,twitter
narrovictor,twitter
victornunezjr,twitter
unfoldgames,twitter
thenyorkerstyle,twitter
ryaninthedisco,twitter
pzxl17,twitter
extrodinaharry,twitter
chezrepublic,twitter
caguirre94,twitter
makeupshayla,twitter
carlaortizo,twitter
carlosarrechea,twitter
mariaedurazo,twitter
eric_knight,twitter
hancelpacheco,twitter
pukingdallas,twitter
jethang,twitter
hildasolis,twitter
pinkfrislay,twitter
desennium,twitter
hollablackgirl,twitter
hail_lucius,twitter
_aakise_,twitter
tym2g3thi,twitter
mongeliliana,twitter
princesssaftbh,twitter
mamitamala,twitter
la_angels1,twitter
iamjuca,twitter
amcynic,twitter
chelllychelz,twitter
tmhnicoie,twitter
hollahoolianna,twitter
itsjazmiinr,twitter
cuddlemecloudy,twitter
tragicmikey,twitter
bnowalk,twitter
rubengluengas,twitter
lunark1tten,twitter
joshacagan,twitter
illiam_william,twitter
benjaminjs,twitter
angelee_desiree,twitter
whatrosasaid,twitter
nickyybear_,twitter
isaisilvan,twitter
petertorres,twitter
frenchproducer8,twitter
fuckyourfetus,twitter
christian555,twitter
ricasaceda,twitter
mattmalvado,twitter
mikepriceinla,twitter
ibizzlesns,twitter
unaimi,twitter
_hasleeey,twitter
slashedbeauty,twitter
blindedbyjustin,twitter
nicoolegee,twitter
youtubes_top,twitter
gloriajromero,twitter
drmonicaquezada,twitter
babygirlvall,twitter
alexisisbestest,twitter
irenemariex,twitter
danielacher,twitter
kwabst,twitter
jamiefishback,twitter
artfuldetective,twitter
eduardom,twitter
anjunarobbert,twitter
nickysilv,twitter
yutakasao,twitter
streetgourmetla,twitter
iiysbharry,twitter
bryantheg0at,twitter
_cynthia5sos_,twitter
stevenferazo,twitter
b7878910,twitter
josephpepper,twitter
nayelidamiang,twitter
notagrouch,twitter
jennyyangtv,twitter
miriamkp,twitter
xdracco,twitter
thisisriehlryan,twitter
nicolefalvarez,twitter
camiamarielle,twitter
sinoricemoss,twitter
thestyiesempire,twitter
racarrera,twitter
alexxlo_wrg,twitter
fuckbizzle_,twitter
economicrefugee,twitter
gusjournalist,twitter
tomlinsonhips,twitter
dee2pink,twitter
danielaarceo133,twitter
bernirizarry,twitter
doctorclaudia,twitter
ginaruiz,twitter
natsantos10,twitter
kurtzierlein,twitter
dafnecruz501,twitter
burnedsaimon,twitter
amandajasmin_,twitter
misspetrai,twitter
dannyreallife,twitter
arlenemsl,twitter
myanimewaifu,twitter
marielenanilc,twitter
mrjsykes,twitter
arceeloveee,twitter
noivadocal,twitter
comiendoenla,twitter
lancemayfield,twitter
arianasslit,twitter
httpvaporhes,twitter
astridstars,twitter
ka_shariff,twitter
wyattpls_,twitter
joncarrasco,twitter
vroomvroomveer,twitter
schneider,twitter
dismaldun,twitter
tooyurnthall,twitter
haniyahsalma,twitter
lanamanaii,twitter
emma_282_,twitter
shockuhfy,twitter
frankjavcee,twitter
drew2g,twitter
amazedbynick,twitter
abc7jovana,twitter
marlob59,twitter
auroralashini,twitter
reflex76,twitter
_ccruz1,twitter
derekjrob,twitter
tracigranta,twitter
jnessafuentes,twitter
josemhm_,twitter
thelaplayboy,twitter
kimberlymaisson,twitter
amycwest,twitter
nexuscorp,twitter
kastle,twitter
ashtonbingham,twitter
michaeldite,twitter
mrsalperez,twitter
gayledonner1,twitter
doozycabello,twitter
juansvas,twitter
loueezus,twitter
maxcaulfielld,twitter
olivasdan,twitter
pilarmarrero,twitter
dmoantwan,twitter
fattysel,twitter
lnlysmae,twitter
deggowaffles,twitter
vanessakaulitz7,twitter
mandybu,twitter
anagnews,twitter
madeinmcdonalds,twitter
mrshasta,twitter
matthjourno,twitter
kimyugeoym,twitter
jennifer08111,twitter
hersheeyss,twitter
iamdonbills,twitter
marcowill,twitter
scott_7791,twitter
brianscully,twitter
bukowski33,twitter
yvonneinla,twitter
grumpylilshit,twitter
_tonight_alive_,twitter
marcellacomedy,twitter
jdharley23,twitter
skoolyt24,twitter
_jbanks__,twitter
lovely_vanesa,twitter
vivacardozo,twitter
tam_price7,twitter
jillarrington,twitter
gresire,twitter
ashleyalvarado,twitter
horizonkarisma,twitter
drewismydaddy,twitter
wtfuckcam,twitter
amyswagjb,twitter
yurnotlizzy,twitter
firelightafi,twitter
gamercore,twitter
thesweet_munk,twitter
haymaker710,twitter
marcpayan,twitter
lothar97,twitter
kennapzok,twitter
hosnevergetcold,twitter
thegrouplove,twitter
yxngleanx3,twitter
jayxkills,twitter
thatlukeboyy,twitter
moniquemarvez,twitter
gsnaps,twitter
jonathanippoli1,twitter
sherrygideons,twitter
itsdayana1738,twitter
claudia_botero,twitter
verocorza,twitter
mercedesassist,twitter
findme5sos,twitter
emilioflogom,twitter
wakeupcon,twitter
judeeflick,twitter
camwow_33,twitter
urfavmel,twitter
raaachyrach,twitter
chokemeariana,twitter
_dementedd,twitter
godlovezuglyz,twitter
alexinanaheim,twitter
erikaaniston,twitter
flashmanwade,twitter
inlukethoughts,twitter
sparklinglala,twitter
josseeegarciaa,twitter
alexdjade6,twitter
angelmcastillo,twitter
peterapeel,twitter
chichartodelena,twitter
haleyyrivas,twitter
rosa1d1999,twitter
lilmamastephhh,twitter
sandy_delish,twitter
gloriousbagel,twitter
loriemmallory,twitter
meezyftrauhl,twitter
arturom614,twitter
ardaniel,twitter
daniellanbcla,twitter
michellenbcla,twitter
daisypareded,twitter
pimenov_lia,twitter
droozzzey,twitter
mscillamarie,twitter
saammyym,twitter
heyittsdreah,twitter
hxrrycouldfly,twitter
jb_legit,twitter
muybelllaaaaaaa,twitter
paulpaez,twitter
galacticla,twitter
mechawebmaster,twitter
ant310,twitter
mariorod767,twitter
playerbooy,twitter
iseektruth007,twitter
ohsorafa,twitter
aristidham,twitter
mellinakong,twitter
nonchalantnell,twitter
pjrojas1975,twitter
moneyshotronny,twitter
justineferrer,twitter
brizaarias,twitter
sincerlytristi,twitter
jennizzles,twitter
cko710,twitter
checknouis,twitter
hernameisrae,twitter
maritzabeverly,twitter
eazel_,twitter
daniellellanes,twitter
joyce_tyler,twitter
xoxominna,twitter
jrvilla,twitter
marilocosta,twitter
jorgeg2888,twitter
obriensxlena,twitter
closetcaseroman,twitter
sleekstudioz,twitter
ibieberflight,twitter
sofakingradio,twitter
lopeezie,twitter
krissbruhh,twitter
vaironp,twitter
fregosomelissa,twitter
call_me_meezy,twitter
mariaonline,twitter
scubajane15,twitter
rosyblue,twitter
sheee_lulu,twitter
farrar43india,twitter
sickle_claw,twitter
jbizz_,twitter
76gibson2010,twitter
whooscm,twitter
markkos1508,twitter
chloeanatiablac,twitter
alliestheillest,twitter
dustbunnymafia,twitter
mariannesauvage,twitter
freefoodies,twitter
scott_borel,twitter
ericladin,twitter
braderunna,twitter
cyrusfamosona,twitter
aydakash,twitter
levimira,twitter
bo_me_yooo,twitter
karijimenez018,twitter
theyarxx,twitter
_lisseeuh,twitter
kroqkom,twitter
gaybiden,twitter
monteroonboxing,twitter
gisellmendoza7,twitter
jchurt2,twitter
conflikmuzikmy,twitter
jannycev,twitter
sawyerisanangel,twitter
satans1slut,twitter
xrlvas,twitter
itsmaysveryown_,twitter
carlos_d_davis,twitter
mendesxthevamps,twitter
hectorisfunny,twitter
moan_juliee,twitter
lexilokes,twitter
cosmiclaurel,twitter
geminigypsyy,twitter
wayneduece__,twitter
frank_martin73,twitter
angelmoses111,twitter
lauraxotg,twitter
michaeisremedy,twitter
neuvoohosla,twitter
cristinalomba14,twitter
unclenappy,twitter
cymone_kingin,twitter
maddymh00,twitter
notorious_nava,twitter
danny_seth,twitter
sademptystown,twitter
ashleynpedraza,twitter
mikeaveli2682,twitter
stefanabramiann,twitter
marisolmolina1,twitter
ihvaq4u,twitter
themusecrypt,twitter
needcollegehelp,twitter
coolbreezelt,twitter
bbyliyahh,twitter
caliiisugar,twitter
lenoirauteur,twitter
remy0463,twitter
tallguycm,twitter
julielovesdee,twitter
robin_solis,twitter
leonard02534516,twitter
alisoon_1d,twitter
victerr,twitter
aidvigo,twitter
cliffordxmg,twitter
mariagongas,twitter
jg2pt0,twitter
milesgastonv,twitter
disneygeekcom,twitter
nicababess,twitter
vaguevisions,twitter
brentsgf98,twitter
_eniledam_,twitter
robertboiii,twitter
carolinavear,twitter
thekubliest,twitter
paarthyyy,twitter
cmmontes2,twitter
kindasillymommy,twitter
wonholyshit_x,twitter
jackstrlpper,twitter
camilahernala,twitter
margarethroyce,twitter
lanonprofit,twitter
d_trucking,twitter
murderizedcrew,twitter
jaaychanel,twitter
astr0delta_,twitter
esteban__21,twitter
goldenmax,twitter
nikolehoran_,twitter
ginimartinez,twitter
tampaige,twitter
lovelyjess_,twitter
chrnalngnlla,twitter
janroseeey,twitter
condom_over_kid,twitter
andrea_zak,twitter
itskimmieee,twitter
chinorad_,twitter
juliette2674,twitter
zarryorgasm,twitter
joel_eisenberg,twitter
winefredac,twitter
jrubioo,twitter
amiiirraaaa,twitter
whateverjason,twitter
leamagcon7,twitter
red205wolf,twitter
papiscrilla,twitter
echispanicmedia,twitter
ginagemeni,twitter
bd23s_,twitter
fandomjewelry,twitter
thispartysover,twitter
erickesteban,twitter
bay_of_puigs,twitter
antroncinco,twitter
redeyedtreefro,twitter
luzrivas,twitter
becauserachel,twitter
arielleofficial,twitter
aeyliasl,twitter
jorgeamondaca,twitter
blvcksizzlr,twitter
luizantonio105,twitter
juanfernettt,twitter
noemi_cardoso,twitter
cbstrouse,twitter
vanjazmin,twitter
aestheticgoals,twitter
chinkyjz,twitter
eniolabbog,twitter
iamsheajenkins,twitter
henrybarajas,twitter
tim_sanchez,twitter
c3phoe,twitter
nikisnow3x,twitter
rnbw1,twitter
jonathanochoa94,twitter
styles023,twitter
essienfrank,twitter
msavvy12,twitter
authenticpepe,twitter
brandonreyr,twitter
andriaasmiless,twitter
kimmie_diaz23,twitter
_yojazz,twitter
kiang_ho,twitter
efernandezamora,twitter
dannycarrizoza,twitter
h_david_g,twitter
rosa_torralba,twitter
bellemve,twitter
radgypxy,twitter
senormcm39,twitter
garydaquan,twitter
mmartinezcnn,twitter
mistaphill,twitter
kimgingras,twitter
guccixyoyo,twitter
_prodigy714_,twitter
mjkp_7,twitter
gcaesar24,twitter
mouthgrds4champ,twitter
mellosanchesarn,twitter
geez_jess,twitter
edgalvez,twitter
aionsogarcia,twitter
lauzonpaula,twitter
eddievegas,twitter
jlbenavides,twitter
missestephany,twitter
alexisorteasy,twitter
suzydfauria,twitter
productof_lb,twitter
m4pr_mel,twitter
mathieuschreyer,twitter
saaaanchez_15,twitter
hildamariavac,twitter
georgeruiz,twitter
pwinsuslex,twitter
baiotelitubbies,twitter
_erikamontano,twitter
saragrissel,twitter
lu_bieber22,twitter
austinesparza_,twitter
velascodenise_,twitter
punkervision,twitter
zulmaleficient,twitter
rosnerpub,twitter
adora2000,twitter
_bbydes,twitter
fierygraceffa,twitter
ariana4g,twitter
titoperez,twitter
kevintakumi,twitter
maawwwie,twitter
ejflores_,twitter
camier37hb,twitter
miguelapinzon,twitter
kpharris123,twitter
a_almayal,twitter
laker_fan_,twitter
bredssts00,twitter
carternaty,twitter
rosiegee__,twitter
_mariaaxbizzle,twitter
_thaniggasteveo,twitter
thisisfalcontho,twitter
xx_angiee_xox,twitter
gabbiux,twitter
gailrosenthal,twitter
b_cortezz,twitter
swiftbiebsdiana,twitter
xdiazvictor,twitter
haleyygomez,twitter
18loustyles,twitter
iluvlibraries,twitter
tommy44vercetti,twitter
yeahfersher,twitter
schoolboyandre,twitter
_candystephh,twitter
ayeprinceofpop,twitter
wearelostkings,twitter
zachmaciel12,twitter
carlossa30,twitter
reginamarisah,twitter
unzueta,twitter
anaa_bannana,twitter
la_cancion,twitter
valen_romeo,twitter
nealnieves,twitter
brooklynboiii15,twitter
bonierrez,twitter
bellahood805,twitter
erika_flores34,twitter
cancerrights,twitter
cynthiadmendoza,twitter
biita17,twitter
srabiieber69,twitter
erik_garcia24,twitter
ayeeitschelsiee,twitter
yahairaag_,twitter
jandflower,twitter
iamoscartrejo,twitter
larrahdjs,twitter
naibereynoso,twitter
juliequips,twitter
sergio_9418,twitter
groovyyvette,twitter
jaguarsfan7,twitter
legorreta_edson,twitter
tiana_cuhh,twitter
jazzzzminnnnn,twitter
vapegod333,twitter
itsjroxx,twitter
omarkenji,twitter
mvreuh,twitter
sandeesparkles1,twitter
derickarmijo,twitter
asmuniz,twitter
dylanin3d,twitter
mariah_811,twitter
makennalalley,twitter
ayeelibra,twitter
justenbieberf,twitter
ferennx,twitter
iamkennedylamar,twitter
ox_medina,twitter
holyfoolerik,twitter
lisalovessocial,twitter
ozz_mejia,twitter
kevinbaca02,twitter
martinarila,twitter
harry_myqueen,twitter
lapdocb,twitter
tombraider75,twitter
ciannadipuma,twitter
cjtorres7,twitter
vintage_goodies,twitter
needsuthemost,twitter
fakedobieber,twitter
1dftbrennen,twitter
oliv3spence,twitter
reyalfashion,twitter
groovyrachel_,twitter
erma_simms,twitter
jo_frias,twitter
nikeair_kb,twitter
luawna,twitter
rebexledesma,twitter
alanap_99,twitter
sayraclarissa,twitter
gmrxiii,twitter
alyssabecrazy,twitter
xx_munguia,twitter
wnxarl,twitter
_ashlienazario,twitter
lowkeyy222,twitter
moree5sos,twitter
thorcuator,twitter
mirrence07,twitter
cheleguanaco,twitter
theunwonted,twitter
ht_luckybs,twitter
weatherbugluke,twitter
_jessica90,twitter
ppparadaa,twitter
hanzxd_,twitter
sgarcia81,twitter
bruh_its_briann,twitter
andrewdodo16,twitter
randyehh,twitter
slxk_rick,twitter
groovesociety,twitter
dee_cakes24,twitter
salwahazmalxoxo,twitter
l0velenaaa,twitter
maribonita2,twitter
marciee19,twitter
miguel_fooo,twitter
theetrojanman,twitter
iamhectordiaz,twitter
_rukss,twitter
paoalin,twitter
laurbits,twitter
_lalalaura,twitter
stillfidel_,twitter
mayasugarman,twitter
larriescum,twitter
litxhalsey,twitter
imprisonedcth,twitter
aljndxx,twitter
dobrevasyezir,twitter
_princessabi,twitter
googledgrant,twitter
lukewarmcth,twitter
joshmartinnba,twitter
philfromdeltaco,twitter
anni_kaay,twitter
madshana,twitter
drak3sgirl,twitter
grayamelia,twitter
erupton,twitter
cynxo_,twitter
almaadee,twitter
almakelleyfirst,twitter
oscariaebert,twitter
junnkoftheheart,twitter
sunflowerlunaa,twitter
mikalvz,twitter
jude_c,twitter
himaria68,twitter
mariocsalgado,twitter
elleflowrs,twitter
kyliejennerltna,twitter
freakincaro,twitter
komarudes,twitter
babygrlnat,twitter
sofeeeuhhh_,twitter
valerieeele,twitter
breebooxoxo,twitter
mayadaniellep,twitter
egpnews,twitter
prof_mpastor,twitter
demlze,twitter
xcrodx,twitter
npickett1,twitter
jennersnadia,twitter
fernaandaaaa27,twitter
_taliaaaah,twitter
jcdurantweet,twitter
mvortega99,twitter
ahmadchildress,twitter
lexissguerraa,twitter
yosoycordova,twitter
kiittykari,twitter
jzl_hemmo96,twitter
paynelessly,twitter
mufcmaxwell,twitter
_thatkidjai,twitter
andyblaahh,twitter
hannahbananaak,twitter
maritzialopez,twitter
mtsarabia,twitter
theericoo,twitter
arisofireimers_,twitter
anthonylmarin,twitter
kalinwhitelover,twitter
boysinbandz,twitter
onepear,twitter
djjewelz,twitter
ashroszak,twitter
lucidsusie,twitter
maxbenavidez,twitter
carriewhitehair,twitter
verdugo_xo,twitter
wonderlandif,twitter
allisonarjent,twitter
jesscluess,twitter
prpryncesss,twitter
celineflores3,twitter
mrscarpenter4ev,twitter
gangsteroflove_,twitter
agnnesa,twitter
theangryyogini,twitter
dylgivens,twitter
gelicapickles,twitter
amazing_aye,twitter
edwinrosa19,twitter
lizbet_cx,twitter
tomassammiller,twitter
_alejandralizth,twitter
shazzam_69,twitter
saaaammmm__,twitter
matttakemeaway,twitter
dmitrijohnson,twitter
danielleromero_,twitter
iblogbetter,twitter
nbajam64,twitter
alvaroalvarezmx,twitter
richave38,twitter
dannassierra,twitter
crystalprebola,twitter
santosnadine526,twitter
josegalvez,twitter
lucyhalefanpage,twitter
alvarezz33,twitter
nani_reikan,twitter
_mariaa___,twitter
josefranco_,twitter
elle_lo,twitter
diana_saravia,twitter
parkingmaster,twitter
yvonnecarrasco,twitter
luis_tweety7,twitter
1dmylife691313,twitter
jmacdakid,twitter
fyl_helloer_guy,twitter
melrosaa,twitter
duti83,twitter
royalpurple23,twitter
_c2b,twitter
daviderod,twitter
kybrucee,twitter
sugartitsraulie,twitter
_smokeeyy,twitter
_melanyge,twitter
ladefenselawyer,twitter
ohwhatitsmeels,twitter
vivalarafa_,twitter
thats_so_maddy,twitter
nochillchels_,twitter
sailor_mo0n,twitter
gnoccofritto,twitter
1shadysun,twitter
lalocisneros,twitter
cynthinee,twitter
rodrigosalem,twitter
socorroojeda,twitter
ohitzell,twitter
thenicolelopez,twitter
imh97_,twitter
kcin1122g,twitter
perri_annelove,twitter
ivansphere,twitter
jbeutler,twitter
chefboyarkey_,twitter
bearlyknown,twitter
papayangie,twitter
leilae01,twitter
trapia808,twitter
ml_5,twitter
_makkonen_,twitter
2ep0l,twitter
javvxs,twitter
johnxlibris,twitter
edgarmunozs,twitter
scotty_brown,twitter
bo_xe_li,twitter
nipuranicasta,twitter
itsjael_10,twitter
aldholiscious,twitter
shut_up_tom,twitter
kinowolf,twitter
abigailbieber04,twitter
ithinkfuckthis,twitter
niallsdimplesxx,twitter
croissantdaddy,twitter
msreagentla,twitter
hoeready,twitter
dearargie,twitter
anxssa_,twitter
basicvane,twitter
_babytina,twitter
th3_st0rm,twitter
ameriiica_,twitter
xyzlobez,twitter
coasterrolle,twitter
valerieeaaa,twitter
eduuone,twitter
jtdabbagian,twitter
yungcy__,twitter
javgonz,twitter
rivabianca,twitter
latinosportsguy,twitter
alexamedina46,twitter
inttoyourarms,twitter
sarah00luke,twitter
ccortave24,twitter
azrasyzyh,twitter
artbyriana,twitter
bulbozoom,twitter
cnmorei,twitter
leaist30,twitter
pisajenners,twitter
sebastiandalby,twitter
hopeintheclouds,twitter
aaj213,twitter
xdrxn_,twitter
cmpagaduan,twitter
carrillo__xxxv,twitter
moraltruthy,twitter
luisandres0678,twitter
anasofiafla,twitter
_deebbyyy,twitter
pacolalife,twitter
laurenxxi,twitter
dr_alarcon,twitter
alma3499,twitter
henry_2711,twitter
warrenhuart,twitter
denisseyvonnee,twitter
paaowow_,twitter
wr3cksauce,twitter
jasesanders,twitter
elizabeth_cruz9,twitter
gregsantos,twitter
greenblanket,twitter
janeee_baby,twitter
rosikitty,twitter
doctorsotelo,twitter
itsjenjenm,twitter
dangeroscar,twitter
markupshaw,twitter
1zackaryarthur,twitter
jedday_gump,twitter
superkrizza,twitter
_thebang_,twitter
concertdallas,twitter
luisalbertoqh,twitter
atenea2,twitter
alebrugues,twitter
deliriousdaniel,twitter
hectormora,twitter
latortuga78,twitter
alemonvic,twitter
iamphxx,twitter
heartdegold,twitter
presleyyyp,twitter
em_andreaaa,twitter
loeradiana1,twitter
mariaguerra76,twitter
tiniv,twitter
nikeshawn,twitter
jennyguan_,twitter
selaznoge,twitter
dianac143diana,twitter
badlandshoodie,twitter
juliettefinee,twitter
danny_demented,twitter
kevinkhidd,twitter
greer_erin,twitter
anthonyanaya9,twitter
xavier69,twitter
ladygagacraze,twitter
ikissedtee_,twitter
melendezsports,twitter
gladiceee,twitter
paullee85,twitter
itscastellon,twitter
michael_eastonn,twitter
jarelycurls,twitter
visualfuls,twitter
chrisssxc,twitter
vonnestoker,twitter
braziliangrier,twitter
thepolicegamer1,twitter
immrsdelevingne,twitter
naaa_jelly,twitter
versaceuli,twitter
lennonedwin,twitter
noemialejandra_,twitter
jorge__loc,twitter
cookielangas,twitter
darling_childe,twitter
mariiooh,twitter
faydeearmyusa,twitter
mydrawingtalent,twitter
misguidedgirl_,twitter
heldinea,twitter
aarobadolans,twitter
vvaldiv,twitter
yaani_shawty,twitter
californiaromeo,twitter
bbosaidi,twitter
izzfoshizzle,twitter
roselin_salgado,twitter
dl5hmialove,twitter
cortezreport,twitter
miahern59,twitter
maria_conteh,twitter
heynataa,twitter
eduardogarciax,twitter
_carti,twitter
michael_ojeda,twitter
gerardotheactor,twitter
ybestdream,twitter
luussstorress,twitter
lnz_hl1d,twitter
stephanieduh,twitter
eevonxo,twitter
kragenkz,twitter
sacayon01,twitter
jessieg87723014,twitter
danysalinas3,twitter
bmercedes94,twitter
jstdoitnow1157,twitter
donniedarcooo,twitter
theseandavid,twitter
williamleon11,twitter
therealjerryh,twitter
nickortiz91,twitter
jackiieehhh,twitter
itsamandariot,twitter
katie_drozd,twitter
jasonesquivel,twitter
cryzahh,twitter
xixg,twitter
bangeleno,twitter
dfgbiebers,twitter
beccabtalkstv,twitter
delmondjones,twitter
juanoots21,twitter
ellenmor44,twitter
nailahshy,twitter
renkades,twitter
topstorypr,twitter
eliaalvarez2233,twitter
7ernandot,twitter
glvc_,twitter
morgianezairyr,twitter
harriyi_styles,twitter
alfarokathy,twitter
tana2turnt,twitter
imkatie_lewis,twitter
mumphrey,twitter
perlaarellano12,twitter
anhhgel,twitter
shadowneon10,twitter
drugsnash,twitter
daniellekgomez,twitter
_carinaaaac,twitter
gladys_aguiniga,twitter
lisatwingomez,twitter
babymattss,twitter
heyitsashlyg,twitter
96sdo,twitter
alexiscuhz,twitter
crystalsola_,twitter
_nickylou_,twitter
hollysoriano,twitter
triecee_,twitter
glokitti,twitter
djescobar23,twitter
erikahopeduran,twitter
just_me_nelson,twitter
kimbooboo_,twitter
thomascontre,twitter
lupevknight,twitter
iamliyan00,twitter
belou__,twitter
mateoy37,twitter
karimba_juarez,twitter
yesi8123,twitter
bonitzmg,twitter
losangeles_new7,twitter
quikgunz,twitter
rosalyncarthy,twitter
jorgeghp,twitter
jaigeyes66,twitter
katerayna,twitter
chandeeezzy,twitter
hero,twitter
lauramarisol08,twitter
iffahmingle,twitter
storey33,twitter
redizzy2,twitter
aclaytonstevens,twitter
louuuis11,twitter
kathiaguevar,twitter
cxv__,twitter
richardmabery3,twitter
ahrayahw,twitter
sadbeavty,twitter
ale0perez,twitter
paulo25c,twitter
coldplay_8,twitter
pilaravila1119,twitter
freeant_,twitter
youaremydream20,twitter
natallianemes,twitter
_superrrrose,twitter
stvntnkka,twitter
hugoboss805,twitter
nochillluis,twitter
marianatolozar,twitter
heyitsdianasaur,twitter
witphilly,twitter
alyess_,twitter
_jorgeexochoa,twitter
maidenhollywood,twitter
joeldcatalan,twitter
davidmparada,twitter
ellamichelle_,twitter
ci0ci0san,twitter
julionumber9,twitter
sleeepyqt,twitter
magconftrubius,twitter
kareplasticsurg,twitter
louonthesubway,twitter
thevampsjon,twitter
jodyavallejo,twitter
_albvrto,twitter
jessyboxer071,twitter
fiftyonedon,twitter
lucykrisss,twitter
cherryxbum,twitter
fonziivicious,twitter
kingspapa1015,twitter
abc7anabel,twitter
castronaut4,twitter
lunchbox_323,twitter
jaisuazo,twitter
jasonhohoho,twitter
therealmassiel,twitter
mariaalomeli,twitter
juan_lokotelol,twitter
213_9929,twitter
carlosploganh,twitter
asapkike,twitter
zenitramrosie,twitter
claudia51015,twitter
tchuy03,twitter
translatinbamby,twitter
_alfredonava,twitter
mztrinidad32,twitter
elizabethfhoney,twitter
mrtsantiago,twitter
leeshknowsall,twitter
briangarrido,twitter
borntobeasith,twitter
dallastyles94,twitter
alikk21_,twitter
sophrosa,twitter
jay_reeh,twitter
rachaellhingle,twitter
beliber48008075,twitter
thedjmichaelj,twitter
esietheory,twitter
lacollisbutera,twitter
kingcyrussss,twitter
jiminxgot7,twitter
raulativity,twitter
yoshifigueroa23,twitter
mmichelleaamy,twitter
littlehulk125,twitter
ughxcx,twitter
andrewlquesada,twitter
mapar_sara,twitter
juan__a23,twitter
jellinotjam_,twitter
davedarron,twitter
jacobmemoirs,twitter
sameooldlove,twitter
jake_mcdonagh10,twitter
fuckchillax,twitter
johnnegron1,twitter
stef_bremer,twitter
sydneeeyd,twitter
polobear69,twitter
keeeepitsimple,twitter
eliawriter,twitter
asciaj,twitter
nataliemahonex,twitter
eveibars,twitter
raspevanopace,twitter
suzy_x_groovy,twitter
raxielisnz,twitter
_eiramelleinad,twitter
jadecruzquinn,twitter
yungruno,twitter
onlyconnectblog,twitter
mannyyghee,twitter
storyworthy,twitter
ebonillaaa,twitter
idanxo,twitter
jlcalderon08,twitter
lee_laneisha,twitter
priscillaaboo,twitter
victorvallejo,twitter
c_lara0531,twitter
alevictoria13,twitter
dancubias,twitter
neek_alvarez,twitter
dannyalva_,twitter
morgan__sound,twitter
epantoja_18,twitter
luisisntfunny,twitter
destondhall,twitter
asslylynn,twitter
_carlos_santos,twitter
bangerztodie,twitter
brizzy1412,twitter
andyz1o,twitter
psycothicxx,twitter
bomb5_j,twitter
yoshi_smiless,twitter
war_surge,twitter
ve__florx,twitter
lorranblanco,twitter
lesliealejandro,twitter
pinkrelish,twitter
_meladork,twitter
meetyourmuse1,twitter
mattiesantil36,twitter
julianaabud_,twitter
a_green_eyes,twitter
leo4thewin,twitter
gopisangha,twitter
rociooxob,twitter
missvaleryeej,twitter
xjustinmagconx,twitter
drvunkstyles,twitter
beltrapreneur,twitter
rousseaupatric5,twitter
miriam__rueda,twitter
itianavila,twitter
gisellealvarezs,twitter
kingtero__,twitter
sammynickle,twitter
miarlly,twitter
lxshtxnnxrry,twitter
jardzx,twitter
eastsidebitesla,twitter
gomezjames,twitter
baby_kyu15,twitter
sayramoran,twitter
__foreverkc,twitter
bymescudi,twitter
artcastro_gosc,twitter
iantoniojohnson,twitter
eortega888,twitter
calibravesfan,twitter
rcosve,twitter
jesus__gomez_,twitter
thekid_rudaaaii,twitter
ricardodiaz,twitter
athegod,twitter
gemlifeadvisor,twitter
xerikamichelle,twitter
jonalexsilva,twitter
__sircharles__,twitter
babyface_valles,twitter
steph_corona,twitter
karlaavalera,twitter
b0yleheights,twitter
westgateposters,twitter
pukisdt,twitter
hoiitsrj,twitter
williebarcena,twitter
nat__flo,twitter
sheylam_04,twitter
elizabe67396221,twitter
brittneymarquez,twitter
teawest36,twitter
mariahazali,twitter
skkrrt,twitter
lost_angela,twitter
a_maloleyy,twitter
dedoritas17,twitter
noelgonzalez87,twitter
thatbitchlily,twitter
anthony_a_rios,twitter
lupitamtz1218,twitter
flower_xo_child,twitter
famedinah,twitter
mary_ark,twitter
dazedly_,twitter
caylen_captures,twitter
oldmagcults,twitter
myrrrrriam,twitter
gonszo,twitter
versacebruja,twitter
karenperaltalee,twitter
theverdini,twitter
javii86,twitter
forevergiselle,twitter
swagedoutfoo,twitter
halewilk,twitter
deuxcadenas,twitter
yungraf650,twitter
da_manman_24,twitter
dabisss22,twitter
mrs_martinezz,twitter
marryyyy_,twitter
_aanalyy,twitter
colincostello10,twitter
carolinamagana_,twitter
elvintage,twitter
xitlalyfregoso,twitter
yourgirl_julia,twitter
angela1z,twitter
villalobosebas5,twitter
vaniakimm,twitter
elmaleanteoc,twitter
charlierodarte1,twitter
alexiavagaba,twitter
samaria_xo,twitter
noahoffman,twitter
isabella_p9,twitter
jbsmjle,twitter
soulbrothawoody,twitter
jordan_koffel,twitter
ndychavez,twitter
_essakarina,twitter
lupee_muniz,twitter
lovelydee0586,twitter
vanessaloreto,twitter
jbertolucci,twitter
syahgirl,twitter
nadiralias,twitter
dodgersel28,twitter
feistyhalsey,twitter
amanda_cerdaa,twitter
teresaledesma,twitter
jennerrssblog,twitter
john_greg_gomez,twitter
mister_tint,twitter
legitfortune,twitter
claudydaudyy,twitter
kevinhforjust,twitter
lovestereo,twitter
heyitsquennie,twitter
eromo_42,twitter
alondaltamirano,twitter
isofialimon,twitter
kat_graceffa,twitter
woahdere_darius,twitter
ileanaisarose,twitter
juav31,twitter
ashhunt__,twitter
tselliott2,twitter
od_ette_,twitter
cesa97,twitter
lexiebieber1,twitter
raessaelsemaj,twitter
alyssajizelle,twitter
elekt_,twitter
pooladear,twitter
therealcalderon,twitter
ms_pots,twitter
rubydesirae,twitter
mercedessxo_,twitter
nicolehip0lito,twitter
yennynun,twitter
andreepaigee11,twitter
bianncaaaa_,twitter
itsdatnunu,twitter
yeeet_16,twitter
onelove__1d,twitter
jeniimiranda15,twitter
laaccounting,twitter
piggaweee,twitter
natmayavelli,twitter
saintsnlakers,twitter
_vivodihoran,twitter
5150wonderbread,twitter
abebaby805,twitter
dianerbananers,twitter
cprettychild,twitter
milongapartner,twitter
esperly0,twitter
cadsm14,twitter
thedenisesolis,twitter
thisabadassbeat,twitter
jaiavalos,twitter
xlichi,twitter
camilalalaaaa,twitter
juannreyesss,twitter
selenaelizabet5,twitter
heyybibi,twitter
_itsmeashleng,twitter
hannahhizer,twitter
waba789,twitter
joevillanueva22,twitter
marmar_92,twitter
nolehmeh,twitter
benjistyler,twitter
angeluuuuuuh_,twitter
am_alia_,twitter
luispatinolax,twitter
allyssasalgado,twitter
pinkcrushials,twitter
moniquevilla,twitter
imalmamarquez,twitter
madnesspoop,twitter
jennysilvaaa_,twitter
davidartgar,twitter
ortij24,twitter
tuhnahstweetuh,twitter
moneybackla,twitter
babyxtsunami,twitter
natalieg325,twitter
coach_giron,twitter
27kinds,twitter
andreamilher,twitter
taline_esser,twitter
giovanna0325,twitter
_friesandpizza,twitter
vluis301,twitter
lizbethgzz9,twitter
jazzy___cx,twitter
aaronbensoua,twitter
fuckben__,twitter
sandorbatyijr,twitter
annakosmonaut,twitter
info_pacifica,twitter
monicaoliveirap,twitter
chanelle_horan,twitter
andraaresty,twitter
akzillas,twitter
quinnbsheridan,twitter
_ayolindaa,twitter
jerandibieber,twitter
mirizgs,twitter
mjthellama,twitter
karladiaza98,twitter
lakeshow24roger,twitter
ceekid96,twitter
nickk_johnsonn,twitter
victor_hugo_gp1,twitter
heyyitscaitlen,twitter
bbyquag,twitter
jackie_ooo,twitter
sergmc2,twitter
cravingtobieber,twitter
henryda3hunnith,twitter
elisatorres06,twitter
kevviinn___,twitter
janelleruiz,twitter
marissently,twitter
alvareza9,twitter
kathiagcamargo,twitter
daaisysol,twitter
fvckyodarn,twitter
kblanchhh,twitter
stephaniefouad,twitter
davemontero,twitter
odvlys,twitter
sisiturcotte,twitter
hector_deleija,twitter
blancorobert_,twitter
ebony_chavez1,twitter
oned_promise,twitter
janasdfghjkl_,twitter
_karlakassie,twitter
dearestmarylu,twitter
fla_12,twitter
kl4xons,twitter
gomezangiee,twitter
nothingonsaucy,twitter
matisamanthaaa,twitter
cmendoza_4,twitter
hotterthnafrica,twitter
heyitsjoge,twitter
fortunafiasco,twitter
jazcarb31,twitter
alexcoronaa1,twitter
hescontent,twitter
onlyfoolsfranta,twitter
prrlz,twitter
jjbubbl,twitter
ejtemplemusic,twitter
perrykurtz,twitter
curlymeza,twitter
xplosionnslowmo,twitter
notxedge,twitter
dosmillenvela1,twitter
amazingwishh,twitter
boreekwaa,twitter
caineazar,twitter
chantirachelsea,twitter
_alnctlo,twitter
meliavir,twitter
_kimberlyromero,twitter
azaleanmonchis,twitter
rauhlscxnt,twitter
gfysgigi,twitter
supreme_chris28,twitter
ramanthasivera,twitter
nontoxicharry,twitter
x_ae96,twitter
radnesssa,twitter
jriosofficial,twitter
messyhoran,twitter
johnnyy420,twitter
bernnhk,twitter
definitelykiana,twitter
carolinatrejos_,twitter
longlivkingalex,twitter
pokej,twitter
jorgede36371120,twitter
illluminaji,twitter
aiienguzman,twitter
cadealfaro,twitter
ramirezhectorm,twitter
frankgarcia_17,twitter
luissianca,twitter
ch_eekygirl,twitter
oscarecoy,twitter
votegutierrez,twitter
pilasmucha,twitter
sdr_52,twitter
copymaria,twitter
yessyluna_,twitter
joeezzyy,twitter
jobslosangeles3,twitter
alacran1558,twitter
ivasix,twitter
xs26zx,twitter
ronzepor,twitter
sportxperts,twitter
ernestooo_98,twitter
barcasteph,twitter
natalssofia,twitter
andreacortezzz,twitter
barbaramlykes,twitter
fooknpenguins,twitter
mmari2539,twitter
reifernandez,twitter
jadbox,twitter
noodlenatt,twitter
alee_ehmm,twitter
_jazv15,twitter
silvaannaa_,twitter
jenniffervasc,twitter
ttonatzinee,twitter
ucladrian,twitter
pmanzo,twitter
laengineering,twitter
arianamichel_,twitter
victoria_jas2,twitter
katelynnxxoxo,twitter
_hernandezale_,twitter
theg_94,twitter
julian_michael,twitter
mmacomic,twitter
genuinemitzi,twitter
italy08pinto,twitter
careersandcolas,twitter
xotonyy,twitter
nancyx5sos,twitter
angelinaasilvaa,twitter
rmoralespt,twitter
ayyealberto__,twitter
mister_lopez,twitter
j0rg3b01,twitter
marmar__r,twitter
edgar_de_gracia,twitter
brenditaibarraa,twitter
rafitaaa247,twitter
garcialunaphoto,twitter
iloveeebabs,twitter
_ohlisseet,twitter
j_a_c_k_y_1_3,twitter
skippedwords,twitter
tmj_lax_edu,twitter
thepennycloset_,twitter
elena_manson_,twitter
joshrevival_,twitter
yesikastarr,twitter
ggfunk,twitter
littlebrryan,twitter
meysell,twitter
_aylin23,twitter
carolina2macias,twitter
andresabud,twitter
mylovpaulmccart,twitter
bigezreal,twitter
dido_king_28,twitter
nandovel,twitter
gutijacqueline,twitter
tisha_dz,twitter
nadii_yaa,twitter
murychael,twitter
kwamsz1,twitter
twill_superstar,twitter
elsielaura,twitter
dylanwbritt,twitter
fuckyoudome69,twitter
brennen_daddy,twitter
eric_k_wong,twitter
bryan_bunagan,twitter
aatifahmad786,twitter
vergaraairica,twitter
anwar_galali,twitter
its_showtime36,twitter
lbc_fetish,twitter
micocinarapida,twitter
lovelynidia_,twitter
big_rob2516,twitter
jrafael_salmon,twitter
panchoriveraa_,twitter
arianemugnier,twitter
richardcastrojr,twitter
yummiiex,twitter
karinagalindoo,twitter
dulcemamiii,twitter
_tfti_,twitter
nomamspabs,twitter
indianfalife,twitter
nappyxroyalty,twitter
itsamemariox,twitter
ellina_gen,twitter
pelapatatelarry,twitter
coiorfultear,twitter
juanye__west,twitter
_lupitahhhh,twitter
paulargueta,twitter
indraniphillips,twitter
nova__santana,twitter
miafoxxchasekox,twitter
ssonoraa_,twitter
sublawley,twitter
bsullivantwit,twitter
rudyguey,twitter
mjmontoyar,twitter
blaugranaboyy,twitter
larrybrown69,twitter
davaughn_r,twitter
projekt61,twitter
adriandelgg,twitter
verycherrycarla,twitter
bachmode,twitter
bigang23,twitter
oscarisdaname,twitter
deongriffin,twitter
young_danny10,twitter
emilyyeatworld,twitter
arianag_please,twitter
soulived,twitter
itsangie29,twitter
cristinagee6,twitter
carlo__daniel,twitter
loveeespell_,twitter
ashleyglez_,twitter
_jeremy13,twitter
freakoutav,twitter
vjasmin_,twitter
mhuffy760,twitter
janetspanglre,twitter
julian118,twitter
dericorreia,twitter
averagesadiee,twitter
ashleyanaomi,twitter
johnnyroque,twitter
l_aguila007,twitter
alexandratw24,twitter
chelseagallardo,twitter
pumbaaguy1,twitter
mssilviasantos,twitter
jaijai_styles,twitter
dxniarisxa,twitter
justodiaz,twitter
bripal98,twitter
thelionsdilemma,twitter
frvrfangirl01,twitter
ponkytown,twitter
thatguybraad,twitter
_michelliexx,twitter
reynaga_heidi,twitter
jr_boy_,twitter
supersanch95,twitter
macias_eduardoo,twitter
leeeetty_,twitter
kyla_bassler,twitter
delaksaforever,twitter
_luuppee,twitter
alphabetteboy,twitter
andresmur10,twitter
hmart19,twitter
__carla3,twitter
lipesouza114,twitter
yascaraxo,twitter
destinydesirree,twitter
ichurroo,twitter
motivatordan,twitter
leonardo_esai,twitter
acthepd,twitter
drrogersmith,twitter
rareheartz,twitter
casssiegurl,twitter
meganclementss,twitter
a1castro_,twitter
theconflictguru,twitter
allen_rodriguez,twitter
fernylopez15,twitter
jowierey,twitter
sergioangon,twitter
aryyfloress,twitter
chhlcmay,twitter
sramilka,twitter
mrs_breaux,twitter
eeelaynah,twitter
lunaloverad,twitter
eazyeabc123,twitter
9630673d9a8e428,twitter
fatpatricia714,twitter
agave310,twitter
molly9s,twitter
mikedupradiocom,twitter
dezykemp27,twitter
solis_horan,twitter
unxxcorn,twitter
gentilemec,twitter
thefenixproject,twitter
becomeaprime,twitter
valenblo,twitter
_vpdx,twitter
jezzzmaarie,twitter
bambladimir,twitter
ijmolder,twitter
foxepp,twitter
angelicaurquijo,twitter
nicole_cb,twitter
nachoasttudillo,twitter
happypappii,twitter
irakirsten,twitter
sloanslexie_,twitter
bellabals,twitter
vanessaamolina_,twitter
shels06,twitter
_fuckenrosie,twitter
bellaromy,twitter
elisejayme,twitter
descob2,twitter
escobedolizette,twitter
karinangelicaa,twitter
theaimeeadams,twitter
narreola32,twitter
x0_jenni,twitter
lilchicken1103,twitter
flotiboyy,twitter
angryeagle18,twitter
jorgeavil,twitter
shenalisilva,twitter
toricortes,twitter
mustangmario,twitter
896ba,twitter
cortez_julie,twitter
emgeee_,twitter
genesisvalle_,twitter
erykahcruz_,twitter
itssmm___,twitter
cobygunin,twitter
anetteconstanz1,twitter
maxramirez,twitter
original_mayra,twitter
sgtnutters,twitter
thequeen_sarah,twitter
manda_cardenas2,twitter
canalesjulieth,twitter
mariosellitti,twitter
becartereynolds,twitter
yes_inez,twitter
jayds7,twitter
javeevergara,twitter
aimsacit,twitter
izzymandanix,twitter
roarcio,twitter
nikodeleon,twitter
jordanramirez69,twitter
player90247,twitter
lizschmidte,twitter
xoxo_yadany,twitter
dalvarezxo,twitter
rawbx_,twitter
amayamario,twitter
lozabaee,twitter
mariaana_4,twitter
montanomelanie,twitter
subie_cuhh,twitter
d_nicedenise,twitter
jjthebrizplane,twitter
_magaly7,twitter
eltriunfocorp,twitter
sbsalvia,twitter
darnhipsters,twitter
austincrapnell,twitter
david123jr,twitter
utp_corp,twitter
angelakisg,twitter
catthycarinoo,twitter
j_gutierrez2430,twitter
pnxtdoor,twitter
nadaytu,twitter
themrscorella,twitter
miguel_guedes07,twitter
hollywoodsql,twitter
alancx24,twitter
imaaronv,twitter
50shadesoftasty,twitter
sabricastiglia,twitter
stevepina,twitter
valerie_hl,twitter
ayeemarkk,twitter
aliuskahs,twitter
ham_sandoval,twitter
jsanchez403,twitter
stevezitro,twitter
unique_ebeny,twitter
geekrocker,twitter
moodyscience,twitter
roseforever17,twitter
danjoseph26,twitter
jordynbassler,twitter
allaaayyy,twitter
lvprodigy_88,twitter
citlalli_has_no,twitter
g3243shane,twitter
miikalala,twitter
annettesintia,twitter
mrbrownn24,twitter
fortheloveofcab,twitter
sivancruz1,twitter
misscjnance,twitter
monicagomez___,twitter
lowkeyfatimaa,twitter
ann_ivazov,twitter
realalexmeneses,twitter
_karla4nia,twitter
stinaa_x,twitter
aalejandra1_,twitter
_lordguapo,twitter
kaisters,twitter
sarcastichag,twitter
justramos,twitter
gapinintegral,twitter
mollyyvee,twitter
mason_702_,twitter
brewzrr,twitter
mr_eduardopena,twitter
juliatradamus,twitter
sharonxpalacios,twitter
52madrigal,twitter
garcia_dama,twitter
steviebro_23,twitter
ibraviery,twitter
jennvelez,twitter
kevyn_wynn,twitter
bellamazing17,twitter
karinaa_ariass,twitter
naim_montoya,twitter
ftshenamas,twitter
_caarrlooss,twitter
coachknocc,twitter
ribeeziemedia,twitter
caseydonahue,twitter
chelsearodarte,twitter
judylsantos,twitter
x_cuddlycalum_x,twitter
lolapuntocom,twitter
xo_loladoll,twitter
carly_sterbentz,twitter
danielisbasic,twitter
alex_6411,twitter
alexx_henryy,twitter
zepoltan,twitter
armentajay_,twitter
biancaanaomi,twitter
_iiamrickyj,twitter
isammiehhh,twitter
marcelloguillen,twitter
boxingmarco,twitter
allanburnettog,twitter
chrissyquickz,twitter
chrismunoz__,twitter
marcplanb,twitter
angeldagawd,twitter
xo_christivn,twitter
wnavidad,twitter
nicoleandria_,twitter
ilovelatag,twitter
evtmedina,twitter
sebastianmrls,twitter
diegoivan95,twitter
ejett,twitter
jutellez14,twitter
callmeheidiii,twitter
adrianna_rj,twitter
jayleenswagger,twitter
ricevargas,twitter
jackycachotv,twitter
nesshernanz2,twitter
carlosgueyy,twitter
kyungsoupy,twitter
_nessboo,twitter
braaaaaatny,twitter
meowriko,twitter
youngogkush94,twitter
heiheududhdodbd,twitter
shinesbye,twitter
mark_archuleta,twitter
rozy_pozy,twitter
maiquelshacson,twitter
angiefiggy,twitter
black_bradshaw,twitter
evannarod,twitter
shanepang,twitter
eridgnal,twitter
_rosario18,twitter
joeymenacee,twitter
alejandranagel,twitter
irismgrz,twitter
lorddelacruz,twitter
alondrah18,twitter
itszyaimontalla,twitter
tonny_ch,twitter
melimel50,twitter
purposeada,twitter
mediamayra,twitter
unpredictablhes,twitter
_missvargas_,twitter
nirvanavian,twitter
joshsant20,twitter
lohoho_,twitter
vassxv,twitter
goldenlitho,twitter
onhuntymoonave,twitter
vanessaacevedoo,twitter
pimpdaddyperez,twitter
dannie__xo,twitter
isaac_zn6,twitter
miss_jauregui21,twitter
senzegana,twitter
missgabcia,twitter
greengiantmc,twitter
kylee_montano,twitter
arielworld,twitter
iamdonareen,twitter
may_alexandra21,twitter
misaaeel23,twitter
missvargas3,twitter
noraevargas,twitter
ravenemangaring,twitter
epsilon_genre,twitter
itsdevon08,twitter
bobbyrpoirier,twitter
gfrancescamusic,twitter
stephanienlerma,twitter
rina__bee,twitter
psxchx,twitter
ayyye_eric,twitter
youlayleeuh,twitter
cantidiamore,twitter
dnak08,twitter
olive_vane,twitter
novelizadoydora,twitter
elizabe57280924,twitter
jenrzl,twitter
80snat,twitter
minion82,twitter
marc_hern,twitter
djneltz,twitter
gonzlaez_sergio,twitter
caryllcollins,twitter
duhhnielaa,twitter
jessadilla,twitter
_alexadanielle_,twitter
_moni18_,twitter
jewlslena69,twitter
lanamountainlou,twitter
fabianski_18,twitter
mxerikk,twitter
melialegre_lh,twitter
lexexclusives,twitter
monsedp28,twitter
gavin_chris,twitter
wtffranco,twitter
denisedeeee,twitter
thearcuate,twitter
laxaris,twitter
daking_28,twitter
medinaavfc8,twitter
nazariosauceda,twitter
mauricioleite4,twitter
jovanalizzet_,twitter
its_eli_50,twitter
asvpxrivas,twitter
hootermoreno,twitter
patricia_a32,twitter
courtneynvr,twitter
shybechor19,twitter
vrncrmrz,twitter
moving4wellness,twitter
ravenswift412,twitter
meramilo,twitter
yaritxavilla,twitter
pablo_anzz,twitter
_bigpapiserge,twitter
anthonygaeta,twitter
harajukudanny,twitter
vxamador,twitter
okayyoandri,twitter
destinyycx,twitter
fdelcorral,twitter
bun_dallas,twitter
faithybiebs,twitter
xavierbecerra,twitter
mattvalenciano,twitter
jlibertyann,twitter
eaaguina,twitter
93bitchoran,twitter
il_mono,twitter
tristprit,twitter
stonerasspaisa,twitter
warlah,twitter
abdullahkayan10,twitter
gerardomorenomd,twitter
pullsandli89,twitter
emorebby,twitter
japonecaziada,twitter
amilksssss,twitter
atapia895,twitter
missespiii,twitter
lesleylpena,twitter
motadanny_,twitter
delinquent_toni,twitter
beyondkuh,twitter
mikethevilla,twitter
jayleenval,twitter
ahoy_chinita,twitter
krisagabrielle,twitter
trippytype,twitter
markchavez805,twitter
rubenreyes562,twitter
xo_gurl25,twitter
cheeenster,twitter
tumainirivera,twitter
kimeezzy,twitter
harusomi2,twitter
iam_dc3,twitter
erick_hyped10,twitter
mrsof_mee,twitter
aslongaswift,twitter
heyheydolan,twitter
franceslive,twitter
youarecomplete,twitter
mavericckkk,twitter
ver_gee_dee,twitter
hanselliveonce,twitter
joseonthestrand,twitter
thesalazo,twitter
teatoee,twitter
alecovi,twitter
amartinez_la,twitter
vargasm54,twitter
chavita_18,twitter
b3arola,twitter
zammmora,twitter
ferpaz754,twitter
adri_calderon,twitter
clscientist,twitter
hugoarenas,twitter
stephsabitch,twitter
xmargarette,twitter
ttrpz,twitter
belovedjeni,twitter
rayrubio,twitter
datguyllamas,twitter
ohzackattack,twitter
_jxckiiee_,twitter
esejorgee,twitter
michellehealyy,twitter
jennieepineda,twitter
toxiclexiee,twitter
martineh14,twitter
sf_jordio,twitter
mikeylovesmiley,twitter
isabelxramirez,twitter
_adamrocha_,twitter
areellya,twitter
_complexalex,twitter
jexybabe,twitter
jalapenofilms,twitter
ochoasamantha_,twitter
gabegalvan1,twitter
jolly_jr92,twitter
bronze_julius,twitter
tumami_brendaa,twitter
paulinesources,twitter
liliannquintero,twitter
joshanderson626,twitter
genesisdiscua,twitter
palmitalokz,twitter
adrianm5_,twitter
ggtavs,twitter
rawski42,twitter
luisvaladez999,twitter
vernoff,twitter
binkybabyyy,twitter
montse_lynch,twitter
alfredocarlosm,twitter
ohhnany,twitter
carlazaplana,twitter
she_bad_420,twitter
epiccmike_,twitter
feligo25,twitter
_minimiee_,twitter
mr_monroe,twitter
neurius,twitter
jon_x_163squad,twitter
ps_esmeh,twitter
kevin_orellana3,twitter
track_aces,twitter
kdotfabian,twitter
alfie74,twitter
nadia_noodles,twitter
ceezburger,twitter
joemuelli,twitter
fame_22,twitter
munchlbc,twitter
herreral30,twitter
attorneybrenda,twitter
mintindeed,twitter
3_ferr,twitter
espinosazach,twitter
a_ortiz2,twitter
uliieee2good,twitter
ummiriam11,twitter
bianca_434,twitter
fucken_saul,twitter
wyndapuspitaw,twitter
wilson_martin11,twitter
edwinjulioo,twitter
yungmatcha,twitter
_asian_dee_,twitter
sir_joshh,twitter
clarissabenzo,twitter
veronicaqm,twitter
jgaray23,twitter
xoxo_kate10,twitter
cjay116,twitter
zerimar_aynat,twitter
jorgedanielruiz,twitter
cuevasbrenda123,twitter
ivancn_97,twitter
luissarrr,twitter
sexy_jamie_gil,twitter
meentae_,twitter
kat_sky,twitter
anthony9er,twitter
crt3_,twitter
marvinoso98,twitter
srslyidcxx,twitter
hiraymondarturo,twitter
villaltaeduardo,twitter
glitchcomputer,twitter
whoodat_,twitter
thepaulantonio,twitter
jakesweetman,twitter
oscarcoatl,twitter
easuns,twitter
joshua_casarez,twitter
gerardovergara,twitter
thewalkingcris,twitter
scvcg9293,twitter
__chaaaaarrles,twitter
leek_mobb,twitter
seylahh,twitter
lovee_maryy,twitter
suiicunee,twitter
xkarlybadillox,twitter
eyaaaa_,twitter
oxkidca,twitter
fashionablee93,twitter
notreamitielove,twitter
guerogreen,twitter
torres3denise,twitter
ddeuce_2,twitter
mzonmiriam,twitter
nicolepagan,twitter
mjybarra3,twitter
rikivelazz,twitter
i3daniel,twitter
emiliochagolla,twitter
lil_les1,twitter
vivifarfar,twitter
tayllorrmarie,twitter
carrion_xcv,twitter
hollowboi_ray,twitter
brandonkearth,twitter
adrianaaliv,twitter
reus11__,twitter
chargers_87,twitter
__centeno,twitter
emiliana505,twitter
gabysoaresx,twitter
bruin4life22,twitter
mariablasco08,twitter
gayandburning,twitter
_laaauuurreen,twitter
dimna_,twitter
sheylanatali_,twitter
itsastridxx,twitter
izzyyavitia98,twitter
isaacganguiano,twitter
vaalentinat,twitter
miketownsendd,twitter
hapinachu,twitter
sooydrew_,twitter
dianitalavigne,twitter
ibolyliew,twitter
tomchristensen,twitter
ethangraysbup,twitter
brittonj61,twitter
brianbp626,twitter
chinchthegoat,twitter
thekevinrubio,twitter
punlsh3r,twitter
lylarenne,twitter
ultracxnt,twitter
miriann_gee14,twitter
j_alanis9,twitter
elmaikdumid,twitter
jonxthxn,twitter
ibhye,twitter
nancyazalea,twitter
djtonymorales,twitter
josephasoria,twitter
babymarzzz,twitter
badassbernal,twitter
antiloks,twitter
fishboi14,twitter
seriopedoo,twitter
simplytan24,twitter
srslybadass,twitter
ivannagomez46,twitter
hromero121,twitter
calmegill,twitter
tintin_matatan,twitter
ryanstrawbarry,twitter
juanmedina1126,twitter
xaviercannn,twitter
marcelocandoit,twitter
marchnoda,twitter
fatimaavaldez,twitter
therealjaan,twitter
theonlyignacio,twitter
chrisontheleft,twitter
jossee__,twitter
joselinelopez8,twitter
louisradtke,twitter
ithrowchedjp,twitter
preciousmarlena,twitter
avpkeem,twitter
kmlindstedt,twitter
junior69cx,twitter
lilly_yasou,twitter
essmeraldasauce,twitter
tbriggswriteon,twitter
albertobnahj,twitter
focusfactory,twitter
ihavezaynseyes,twitter
cg_marti,twitter
1225alberto,twitter
darshanaadallas,twitter
whinem0m,twitter
dimelovelez,twitter
jblack_muckshow,twitter
mrs_bob_denyb,twitter
laurambaum,twitter
xfernandoromero,twitter
garciamf95,twitter
juliolovehewitt,twitter
vivianc,twitter
kaisenrian,twitter
_kaylaw29,twitter
lillmamajane,twitter
stellarstuff,twitter
melgon15,twitter
xbabygirldezx,twitter
geekykitty2799_,twitter
emilio_m,twitter
davidgallardo,twitter
itischildish,twitter
youknowgerm,twitter
cindy1017_,twitter
_bryan_66,twitter
_marlene26,twitter
vlhashley,twitter
yaydanielbarron,twitter
marcorhtp,twitter
luis_diaz15,twitter
t_dawgg698,twitter
jaredbutler23,twitter
charlotteollu,twitter
_jrs40oz,twitter
imsqueemer,twitter
liveforcena12,twitter
andrearusset332,twitter
alexiagoadjb,twitter
_rubenlomas,twitter
lovelykaii,twitter
ourstyles69_,twitter
marescovaleria,twitter
i_do_like_ham,twitter
nrnsmsr,twitter
andreafrisby,twitter
isaels7,twitter
drdantrujillo,twitter
_larisaxox,twitter
fuck1ngh311,twitter
almightydroogs,twitter
maccoffdaave,twitter
sarahsanchezzz,twitter
ricky93_,twitter
ileanamurillo50,twitter
yanelylara,twitter
becca_espinosa,twitter
90seadoll,twitter
a_solorzano23,twitter
nataliaa671,twitter
swagalini_,twitter
thekidsz,twitter
alexisalba10,twitter
07johnny,twitter
affiliated_ink,twitter
avriejoan,twitter
dopeitsdonny,twitter
ricgallegos,twitter
realbryanguerra,twitter
migzambrano12,twitter
lovingthevamps,twitter
_johnathann1,twitter
lifeasjassyjay,twitter
spacekicker,twitter
graaciee_14,twitter
iamsifuentes,twitter
kevin_coronado_,twitter
brittanyl1018,twitter
s1kdysf,twitter
vallejoangel8,twitter
wronglsh,twitter
patar_roor,twitter
yunngmel,twitter
stonerthought__,twitter
skipme_,twitter
6crystalherrera,twitter
dm98v,twitter
kperez52587,twitter
teddywlfo,twitter
misslaurajoyce,twitter
aiiinm_,twitter
yazziesays,twitter
lombera08,twitter
zmdof,twitter
shutyobitchasup,twitter
xmmxxlvx,twitter
shogonic,twitter
ialanglican,twitter
jordannvincent,twitter
efuture8,twitter
thecarlosroman,twitter
_kevwen,twitter
miahopkinsxoxo,twitter
monicvdelgado,twitter
_lorenaeperez,twitter
agusspalacios,twitter
ashleahhainline,twitter
marcrazon,twitter
mramirez199749,twitter
kamishafabian,twitter
chumbler,twitter
ralfiee_,twitter
4361letti,twitter
cheapyy,twitter
caarlavillamor,twitter
_glupegarcia,twitter
htgawmjerrie,twitter
zerimard,twitter
anaejolie,twitter
_jessicajimenez,twitter
betocardenas85,twitter
jessvna_,twitter
pmr_surf,twitter
tonnnny_,twitter
davidmporras,twitter
jamiibabby,twitter
p3dro007,twitter
heylexyg,twitter
xxjeremyxx816,twitter
ojeslavaa,twitter
_javaloy,twitter
yungcez24,twitter
raneenshehadeh,twitter
miaaaagrayson,twitter
domainejavier,twitter
jwavellan,twitter
inchiess,twitter
imcharleneg_,twitter
solutions2life,twitter
babytdg,twitter
abreemontana,twitter
romanoe_,twitter
dreameazy,twitter
elisamlo,twitter
thomcreed,twitter
guapsterlulu,twitter
hilarykosty,twitter
teodiazzz,twitter
theadrianhuerta,twitter
bad__13,twitter
andyroo520,twitter
zeke_s,twitter
_ppattiki,twitter
dannvegaa,twitter
matta96_,twitter
mt_barrios,twitter
deniserobot,twitter
funkboii,twitter
vanessa_itsme,twitter
mica_peralta17,twitter
itswhoyouare,twitter
briannam813,twitter
danygarza99,twitter
dearestsnappoh,twitter
kronzickronzic,twitter
veronicalmorris,twitter
hahahacarolina,twitter
cloud_y_ahh,twitter
fatimainthecut,twitter
thefuxedos,twitter
originalaurore,twitter
sunburst_bass,twitter
patomomo_95,twitter
joe_cal2,twitter
oz_miracle,twitter
sammy_marroquin,twitter
iceycinnamon,twitter
thisis_mary,twitter
leilaawad845,twitter
rgaaabie,twitter
crystaldelamora,twitter
jeanette07_,twitter
elaizalutdc,twitter
capscave,twitter
luisaguiluz,twitter
0scar0jeda,twitter
tanyaborjas,twitter
le_jovanna,twitter
ariana_poma,twitter
jesserios02,twitter
jenisakewlkat,twitter
bellakrisbeth,twitter
jgar77,twitter
berrysherry_,twitter
_cheisanaima,twitter
maraiza77,twitter
arianaderas,twitter
youngfatjesus,twitter
victorsgreshma,twitter
jv1rz,twitter
versaceloya,twitter
nicoleortega20,twitter
youngfapmaster,twitter
amorettestyles,twitter
jasmineg95,twitter
juniordavila27,twitter
maria_dallas123,twitter
isxbellxx,twitter
aaronkylewang,twitter
zamora11patty,twitter
jessaaayyyeee,twitter
cinthianflores,twitter
aquinomarlon,twitter
hiroto1024red,twitter
jennayrodriguez,twitter
lovelyangieee,twitter
evelynsitaaa,twitter
rememberxsg,twitter
staciedearmas,twitter
drankkaminsky,twitter
yvette_sanchez,twitter
julianlozanoaz,twitter
davedeeone,twitter
syifaulfauliaa,twitter
_viviana_riggs_,twitter
gmga__,twitter
ashleeyaragon,twitter
emachtus,twitter
_junior444,twitter
ramsestmagnum,twitter
nirakzerimar,twitter
lovenesa_v,twitter
dah000er23,twitter
35parza7,twitter
salazar_xm,twitter
natdizzzllee,twitter
jhstafrordiii,twitter
raadangelx,twitter
http_hlmy,twitter
mario_fcku,twitter
karinmarie_1d,twitter
cons_s_block,twitter
rcamm14,twitter
rriverosm,twitter
dopesuperhero,twitter
martaredo12,twitter
hellovanessaro,twitter
jviesca111,twitter
thenameisjacks,twitter
maia_bl,twitter
luna_guacamole,twitter
julioislive,twitter
edithxjmnz,twitter
lamarplays,twitter
just_cant_win,twitter
alexayala562,twitter
stimeyluv1,twitter
troptastic_,twitter
yourenickaragon,twitter
angeel562,twitter
ericbueno_21,twitter
heatassdimes,twitter
justgetcurious,twitter
armandoartist,twitter
drizzychristina,twitter
esquivelarlene,twitter
hv2090,twitter
avmarie21,twitter
sketchyjerry,twitter
swaggy_mila,twitter
kandyyyyyyyyy,twitter
avalos_yelitza,twitter
hpbabe_,twitter
stephaniepaz8,twitter
regal_hado,twitter
eatshitharley,twitter
paolacelin,twitter
davin_singh,twitter
edchatter,twitter
chris_calderonn,twitter
traceym09,twitter
aleisboring,twitter
nelsonriverajr,twitter
sarahserranoo,twitter
bromar96,twitter
heradite,twitter
elsamz,twitter
_alonso5_7,twitter
rhodes916,twitter
haiiimelizabeth,twitter
magmajestic,twitter
kelli_dawn,twitter
clynvallejo,twitter
radgurlbribri,twitter
losangelesnews7,twitter
iamalynchg,twitter
sg_lauraa,twitter
illestxsuspek,twitter
cynthiadelmar,twitter
kimjimenez,twitter
cesarv_32,twitter
prime_lili,twitter
christianhanish,twitter
sgutierrez81,twitter
ifuckarina,twitter
chef_rogerx,twitter
serfabian_,twitter
dleos91745,twitter
ohmatty_,twitter
itsredd69,twitter
vaalgaal,twitter
luis_harmonizer,twitter
danm4n,twitter
kimvh__,twitter
arturorgil,twitter
adrian_pena23,twitter
navacrystal48,twitter
eric8a92,twitter
maritererbellas,twitter
gerad161torres,twitter
daniel13_c,twitter
answer54440,twitter
indibindiii,twitter
andres_h_mtz,twitter
katieayala01,twitter
nsgarcia10,twitter
_lizziegarciaa,twitter
superdestroier,twitter
shani_schnitzel,twitter
sparkabluntt,twitter
luisahumada51,twitter
sanchez996,twitter
smhdes,twitter
eduardoponceee,twitter
thetrukiiing,twitter
cammerontramm,twitter
janaya241,twitter
blamemeli,twitter
s_brittney,twitter
balvinap,twitter
blownkillabee,twitter
jboogii_,twitter
ashleeymarian,twitter
solo_mariajose,twitter
badandysoria,twitter
johnstortz,twitter
cwilks225,twitter
renovatio430,twitter
karla_nayelii,twitter
_karenalu,twitter
eddiewonder,twitter
malia_rey,twitter
sofymier,twitter
claudiaswims,twitter
violence_fsw,twitter
imariohernandez,twitter
lewispartida,twitter
gomezrosana2,twitter
vivaladee,twitter
eimylpz,twitter
ale_xandraaa26,twitter
cajmz,twitter
wolvemalik,twitter
miranduuuuuuh,twitter
mezdez,twitter
cylussandoval,twitter
_amandacardenas,twitter
ben_dubtree,twitter
rotuafebry_,twitter
marloncastillo_,twitter
k_babyy72,twitter
garciamorett,twitter
carolinadigsyou,twitter
_theycallmegee,twitter
hector_bolt,twitter
brittsalcido19,twitter
mermaidchansons,twitter
elliedflores,twitter
shannuts,twitter
ari_carrillo5,twitter
rayherrera11,twitter
pinksissygurl,twitter
jairoramos27,twitter
ivaaaaann__,twitter
catalina_cee,twitter
csolismadina,twitter
rommelruiz,twitter
rigovalencia,twitter
cr_parker,twitter
xjulissa_,twitter
codyhidalgo,twitter
kreganzelaya,twitter
ryan_hurtado,twitter
ooosuna24,twitter
alfiex23,twitter
ncutelli,twitter
candragmedinah,twitter
multifan_ot7,twitter
isabelkcc,twitter
amanazizi710,twitter
x3rick_,twitter
car_loser,twitter
jadatyler8,twitter
julia_taylena,twitter
marcomontee,twitter
starbyheart,twitter
briibreezy__,twitter
kuyachrispy,twitter
angeeeeeeel09,twitter
15margon,twitter
silverioangelo_,twitter
joesteals,twitter
mar_cooss,twitter
_daze,twitter
jeymslobi,twitter
laurenashleeq,twitter
danielasedeno,twitter
kylemoses562,twitter
desssss17,twitter
elizabeth_224,twitter
wsluquin,twitter
tikztik,twitter
justrina19,twitter
vfatboii,twitter
adrianrod09,twitter
ariana90345440,twitter
dxxvii96,twitter
turkeylicous88,twitter
esqmiguel_,twitter
juanlagos97,twitter
waarce,twitter
jessicakaede,twitter
tinogarcia,twitter
charliesegura01,twitter
iam_unique_ct,twitter
visionaryveno,twitter
yodaylinn,twitter
emsquuared,twitter
edgardomlm,twitter
shannon__365,twitter
huerta7chris,twitter
davethebraveee,twitter
true129,twitter
susan_muffin,twitter
vered_dayana,twitter
roxanne_reeves1,twitter
legitlyasian,twitter
alvarosancho22,twitter
dayyr_,twitter
angie_west17,twitter
just_julian1,twitter
unaeyp,twitter
mynameiscassieb,twitter
seppjooo,twitter
servin_gonzalez,twitter
aligarcia93257,twitter
jesvs__,twitter
pixel_patrick,twitter
alexorange5_,twitter
michgosling,twitter
yessieeayee,twitter
eddiephesto,twitter
chyannii15,twitter
summeroid,twitter
lilisalvador_,twitter
salvuhdor,twitter
mifckingyla,twitter
sunflower_mia,twitter
alisonnunez27,twitter
eltaurofurioso,twitter
b_2wiceee,twitter
stshotsla,twitter
minnie69barbosa,twitter
monocerosx,twitter
chrisvillegas5,twitter
kr_webb,twitter
jraw_wwe,twitter
karinaaa213,twitter
lenobeatzzz,twitter
freakingsusie,twitter
slopesinheels,twitter
genesisdiaz__,twitter
madchild__,twitter
celenebeats,twitter
go24seven,twitter
angel_doeee,twitter
paulaanbrez,twitter
debbie_hern,twitter
esparzadanny31,twitter
mallorens,twitter
paken10,twitter
bigbrompton,twitter
ramirez_usmc,twitter
gogglesbomaye,twitter
crono909,twitter
weechy33,twitter
pattylorivas,twitter
hansluttmann,twitter
lillie_claire,twitter
mark__got7,twitter
jinkinsayrin,twitter
sergioproaa,twitter
drtattoostudio,twitter
bperalta25,twitter
purps_hernandez,twitter
ilovebooge,twitter
thepashab,twitter
janesuh5,twitter
nylantoinette,twitter
angejuar,twitter
myriahlee,twitter
_dannymora_,twitter
larocky1103,twitter
bloody_twinkies,twitter
hauralumbard,twitter
mr_hi420,twitter
armystronggabby,twitter
yarab,twitter
vivalaflor,twitter
evelyn_melgoza,twitter
natalyromero___,twitter
mike818_,twitter
_jcov33,twitter
hunter_g14,twitter
god187father,twitter
naralyavila,twitter
xobexxsy,twitter
emiliosmeke,twitter
_clevername,twitter
s0ldeluna,twitter
anfckntwuan,twitter
mannyljr,twitter
_fredyh,twitter
pastorjack5,twitter
luize_gm5,twitter
jacquez64,twitter
lidietharevalo,twitter
arbruin,twitter
dariamanzano5,twitter
moaiedc,twitter
resendiz_andyy,twitter
blessedsound,twitter
alguera,twitter
misserikagee,twitter
real_nigga_nik,twitter
deeeebo__,twitter
fibbygibby,twitter
ayo_aleexis,twitter
rheanamarieee,twitter
ayeeeitsjudith,twitter
duartethecreatr,twitter
zxephin,twitter
mreyes_007,twitter
jpmart91,twitter
kristenmrock,twitter
kcachito,twitter
altaray11,twitter
paredg2,twitter
_crisgil,twitter
_omaragonzalez,twitter
k_rikian,twitter
creativeraul,twitter
draiman1,twitter
appless03,twitter
larylgarcia,twitter
luhengen01,twitter
martina_mfic,twitter
asoneff,twitter
markmuro2,twitter
cheifrocket,twitter
jg_xxiii,twitter
mamxo95,twitter
thejosueperez,twitter
aythere,twitter
rissy168,twitter
lila5s0s,twitter
famousadrie,twitter
alblacks_,twitter
karina_53,twitter
jamescardenas12,twitter
edson_v,twitter
hjgonzalezz,twitter
connors_pancake,twitter
primusfan92,twitter
nostopnjd,twitter
kimbourlee,twitter
paulinaxo123,twitter
hectorcortez,twitter
youlilua,twitter
hec_face,twitter
jovanynieto,twitter
elizabeth222666,twitter
eljefedelareina,twitter
grx1_,twitter
miguelianraya,twitter
mariagosling,twitter
physiogeekgirl,twitter
enxque,twitter
rickyylopezz_,twitter
coke_baby98,twitter
lvdvbbs,twitter
pa0layyy,twitter
rauldlemus,twitter
myruhh1,twitter
kingbilly13,twitter
yanixafigueroa,twitter
jean_ette23,twitter
siwillson,twitter
movillegas,twitter
marlonmaxmm,twitter
emmanueldeak,twitter
dreaaflores,twitter
joelsgreaux,twitter
youngmoosegod,twitter
aaajose07,twitter
junior8184,twitter
adrianrodz_,twitter
badgerworeblack,twitter
_sergeee_,twitter
thisisnothend,twitter
kelseyannee_,twitter
orlandomb,twitter
gaabzilla,twitter
ish_official,twitter
luziibaebae,twitter
mariiiaaxx,twitter
alberto66616333,twitter
barloballinluna,twitter
danieltorres042,twitter
jasonruiz_lb,twitter
low_rim,twitter
jasmunozz,twitter
angietnews,twitter
saraagxox_,twitter
22jackyy,twitter
mataflocka,twitter
axcarpenter8,twitter
mariahood98,twitter
a_estrada95,twitter
alexso_sa,twitter
christymjuarez,twitter
uchihamaggot,twitter
quinne__,twitter
kasscrod,twitter
serg101094,twitter
oliverrwalsh,twitter
lilwiz_6996,twitter
lovinghstyless,twitter
elshrekk_,twitter
valejaramillo25,twitter
kevin007_,twitter
robbaca,twitter
romeo_blu,twitter
gema_b00,twitter
itsmariafuentes,twitter
terrance_long,twitter
dirtyguss,twitter
estrayas,twitter
ilovechiiiiiix,twitter
carissazamoraa,twitter
anthony_cas35,twitter
anthonnyymunoz,twitter
sofiaferrelli3,twitter
madelaynecx,twitter
minecrimson,twitter
cesar213king,twitter
pumpi9121,twitter
eddie_hdz17,twitter
xoerinnmariee,twitter
lfmontealegre,twitter
eastlasanchez,twitter
tmzwes,twitter
agent_tony760,twitter
itchy_bear,twitter
lil_nayeli,twitter
angel_1molina,twitter
richardthanyou,twitter
brokercalvo,twitter
fonzie_007,twitter
mr_snowmeiser,twitter
lupitavega__,twitter
nazaaconde,twitter
baronhigbee,twitter
yuga_miyamoto,twitter
deucesprez,twitter
blackjustinfan,twitter
joseluisortegaz,twitter
kingpaul98,twitter
msdamaris_,twitter
spokenco,twitter
vincentpgarcia,twitter
dumbwavy,twitter
sammybooboo_,twitter
alexasstastic,twitter
meeahmixon,twitter
junii_33,twitter
guarnierinathan,twitter
_aericka_21,twitter
ashielyy,twitter
mromero2598,twitter
jennhur,twitter
jeliseo92,twitter
awenuhtw,twitter
_kimmpossiblee,twitter
the_ill_jedi,twitter
danielluvskaren,twitter
estefanacarmona,twitter
kissabuttt,twitter
angelic35908452,twitter
gqman24,twitter
royce_veronicaa,twitter
asantacruz562,twitter
m_gon14,twitter
dianababeyy,twitter
josuee_ener,twitter
bumfilmmakerjoe,twitter
onlinegameonws,twitter
aahaahron,twitter
toastyedgar,twitter
jcast_55,twitter
kherreraf001,twitter
carla_francooo,twitter
dxviliamu,twitter
ohterezaaa,twitter
ojosdeldemonio,twitter
brooklynfromla,twitter
ag__54,twitter
_tanyaalam,twitter
gcexpress,twitter
sarauhling,twitter
erikandresluna,twitter
marianaveaa,twitter
monchorestrepo,twitter
myra69l,twitter
mattyfatty17,twitter
mardirossian_,twitter
fuckfifteen,twitter
atrainn02,twitter
ajahstarr,twitter
lawleysart,twitter
dv_xvi,twitter
franc3sann,twitter
thiskidoscar,twitter
jake_mitchell9,twitter
hripskiii,twitter
stevieort,twitter
amontero99,twitter
billyzduke,twitter
bryanrocruzazul,twitter
joyceolib,twitter
louchavezoc,twitter
alex_thelion54,twitter
chrisrenteria,twitter
supremevq,twitter
ninjaaa_ariel,twitter
showteckz,twitter
arianatordan1,twitter
rosalieg5941,twitter
_padillamiggy,twitter
frankalvarezjr,twitter
celeste9mu,twitter
mosesivvioc,twitter
normajeanmanz,twitter
kriestals,twitter
rosevera,twitter
duhkarlaa_,twitter
julisssaa___,twitter
boozillla,twitter
heyitspacoo,twitter
bagongfmls,twitter
fromsteph2you,twitter
__ericaortiz,twitter
cha_garlejo,twitter
espinosa_daddy,twitter
krstineangelaaa,twitter
mycoffeemug_,twitter
jaayarc,twitter
kvrinaa,twitter
cheeser95,twitter
nicki_nat,twitter
grisel_024,twitter
mirandajocelyn_,twitter
stonealchemist,twitter
ibrahimj93_,twitter
salvador81,twitter
im_enagem,twitter
rouietamayo,twitter
carleeneuman,twitter
razojanelly,twitter
xoxoccx,twitter
wimllydanslarue,twitter
nikkidoc_98,twitter
clightmore,twitter
andrewmena,twitter
djcutnoslack,twitter
julioaayala94m,twitter
princessedithhh,twitter
fathima036,twitter
macias181124,twitter
lolawesomejaime,twitter
mally_alonso,twitter
chelychela,twitter
kcarrasco29,twitter
christinanunezz,twitter
bronze_polar,twitter
ebertto,twitter
angelicabych,twitter
dayanamite_,twitter
bianca20_,twitter
badgalmells,twitter
hanawoodward,twitter
vsvp_edwin,twitter
chanhitsuw,twitter
lessley_98,twitter
deejayziggy,twitter
mark_szn,twitter
alwaysirene,twitter
tryingmyluck,twitter
pauloacuna,twitter
akearra13,twitter
shauntastic,twitter
junierific,twitter
caammeelliiaaa,twitter
anah_esquivel,twitter
ziarainyday,twitter
mirandacxx,twitter
carolina_armo,twitter
ferreyramaaxi,twitter
ejvofficial,twitter
fatfoelife,twitter
delioaleon,twitter
mannykvelazquez,twitter
dont_care_dudee,twitter
eric_g96,twitter
snappynapps,twitter
coolandexplody,twitter
slletgetsupport,twitter
ramirezdee95,twitter
barajaslucy,twitter
ahliramhuast197,twitter
ijonathangarza,twitter
george_hardy10,twitter
ayoovickss,twitter
1023tess,twitter
karinaminnie,twitter
juliangomez_97,twitter
xoxo__sashaa,twitter
kaycee_223,twitter
19aaron19horton,twitter
jackiedeleon04,twitter
nicninjaa,twitter
luceroxguerra,twitter
caligirl81825,twitter
jaclynevanss,twitter
ivy_martinez1,twitter
nataliaonair,twitter
digitaldowntown,twitter
alonsotacanga,twitter
jocee_33,twitter
micho_chuy69,twitter
romanmoralesiii,twitter
karla_galvan,twitter
itxly_,twitter
cisco220,twitter
austinolivas26,twitter
kahnstephen,twitter
ashh_35,twitter
jcamarena8,twitter
mimyyy__,twitter
yomichelle_,twitter
left_hemisphere,twitter
speebles97,twitter
aguayonoel,twitter
danielita_g_,twitter
elssab,twitter
marindavid182,twitter
privyetlinda,twitter
martin3zandr3s,twitter
ceohector,twitter
elemontero1,twitter
alamolds,twitter
david_isaiah_11,twitter
fernando7085,twitter
poorgeckos,twitter
artpeachh,twitter
alexiissgg,twitter
cristiaan_00,twitter
katterchaos,twitter
savanaparker,twitter
kidd_serg,twitter
yungdolce,twitter
alex_cant_think,twitter
danny_flo,twitter
bruhitseric,twitter
f22stealthrider,twitter
wincovalvular,twitter
marietor1,twitter
socialandre,twitter
raquelsellsla,twitter
jeromieeeee,twitter
overfiercely,twitter
_lupittaaa,twitter
carlavionette,twitter
asbtumor,twitter
imiguelzavala,twitter
jelenaslaughs,twitter
luisemolina,twitter
itsoweezeee,twitter
felinataliee,twitter
_heyitskathy,twitter
xrikaaa_,twitter
tubsy_gabe,twitter
nerobeastuno,twitter
itsedwinn,twitter
dani_sanchezbtr,twitter
eriixkk20,twitter
xox_maaria14,twitter
emimaarie,twitter
carillohoracio,twitter
bietzsch,twitter
millyenaone,twitter
jazminerva_,twitter
sprintflores,twitter
myrka_daniela,twitter
karlammejia,twitter
sydjohnson97,twitter
jakemcarter,twitter
rudymad315,twitter
ecisonthis,twitter
billy_cesar,twitter
czerspalace,twitter
_kcccc,twitter
pussywagonxlbc,twitter
miguel345montes,twitter
alexmcmagic,twitter
ikingwzrd,twitter
lvrdtrav,twitter
skehps,twitter
eyeben,twitter
ricky_171_,twitter
louiscasiano,twitter
mario10lm,twitter
ohsandiaa,twitter
therealsgk,twitter
samdominguez25,twitter
guinea_wrangler,twitter
alemarti14,twitter
skittles_sierra,twitter
groovysebs,twitter
lalo_medina14,twitter
meech_007,twitter
mnbento13,twitter
mychellex,twitter
itsjc,twitter
samo_rocky,twitter
varo_386,twitter
oscardinho_10,twitter
draftbound_dez,twitter
_jazmin,twitter
er_bearrrrr,twitter
eaarrl,twitter
ieatturtles_,twitter
mendozaluisaj,twitter
uscsweetheart,twitter
pedroonunes14,twitter
flash_waldo,twitter
stephhvvargas,twitter
22_sig,twitter
phenomenal_12,twitter
agriff34,twitter
timmywestside,twitter
phily_flores,twitter
littlematona,twitter
vavavoomchie,twitter
_kawaiikittyy,twitter
nuestragenteca,twitter
macdemarcosson,twitter
this_onechick__,twitter
adopsmonkey,twitter
flyyoung_gntlmn,twitter
aliciaagibert,twitter
anita_mp14,twitter
tonywassaohfak,twitter
julianrochi789,twitter
huska_chris,twitter
hershaaaaaaay,twitter
sgomzlife,twitter
trapkingortega,twitter
lzam19,twitter
bayareabirdy,twitter
kevinmc29,twitter
carpenters_bae1,twitter
_alpha_kevin,twitter
ocanity,twitter
mgmixo,twitter
maxverbia,twitter
lilyanalomelix,twitter
alauraflowers,twitter
floweredtea,twitter
pasadenavic,twitter
shadowblat,twitter
musicormisery03,twitter
mahomielove16kd,twitter
miarenteria123,twitter
kevin50serrano,twitter
fashionsito,twitter
lonelyforestboy,twitter
mariaregina4g,twitter
makenacleland,twitter
wize_thug,twitter
dodgerrafa,twitter
cassandramota_,twitter
glitterrlips,twitter
leftie,twitter
mannykillzem,twitter
miguel_2_ceja,twitter
beautifulkaekae,twitter
prissey16,twitter
tcota3,twitter
bobbyv231,twitter
dreeaababyy,twitter
ashturcios,twitter
marco_parra_,twitter
katberly,twitter
zaneh_93,twitter
mrryglvn,twitter
meeeeeeems,twitter
jsevilla_24,twitter
murrrcielagooo,twitter
izziebleu,twitter
siuolxlouis_,twitter
inimitablermj,twitter
arielflo05,twitter
creativebark,twitter
jessedatechguy,twitter
lrekuer,twitter
smartguycpp,twitter
svmethin,twitter
adrianruvalca19,twitter
karlita_yanetm,twitter
dphblndx,twitter
hypedemilyy,twitter
elramiro10,twitter
ericster99,twitter
jb___15,twitter
xxkristax,twitter
pointybacon,twitter
ulysaywhat,twitter
moshe_b3,twitter
christianajon3s,twitter
thegustavomunoz,twitter
bastianvalois,twitter
babby_cow15,twitter
rockyrambo416,twitter
marissa_twa,twitter
noahshenson,twitter
tomasplainsocks,twitter
hsanchez1103,twitter
jppe_122,twitter
julialalexander,twitter
calluxalius,twitter
whoisshaz,twitter
_tyblackburn,twitter
amber_n_santos,twitter
obi_roll_wan,twitter
natasinmontar,twitter
fauucet,twitter
its_gabyjimenez,twitter
turbodog50,twitter
cindymireles,twitter
jaimestheone,twitter
raulinho__23,twitter
1trulystephanie,twitter
itsravenbro_,twitter
coronado29,twitter
figphoto,twitter
dannyxeric,twitter
pedroarocena,twitter
stephyyy562_,twitter
pardita,twitter
juliaortiz05,twitter
stardustfists,twitter
bigu0124,twitter
dburnsauthor23,twitter
liagram,twitter
eduardinho_27,twitter
ryanjogarcia,twitter
therealmariog14,twitter
downbythebay4,twitter
mfernandezla,twitter
sadetx,twitter
jmastaflash21,twitter
thomasjreyes,twitter
bxruizz,twitter
bernardoruelas,twitter
delgadoj001,twitter
exkadio,twitter
andyrullo,twitter
kev_elizalde,twitter
ruby_crystal5,twitter
grloftroy,twitter
bethmilstein,twitter
flywithselena18,twitter
_xomoran,twitter
boltmen,twitter
trchavez41684,twitter
elxxcapo,twitter
thatchickeunice,twitter
officialrubeng,twitter
anamarvett,twitter
rangerchronicle,twitter
cee_steph,twitter
steezydee23,twitter
zulmaaitza,twitter
m_ojeda89,twitter
gutierrez_chriz,twitter
nolangonz,twitter
discretehandle,twitter
casssie_21,twitter
giselleeeedoee,twitter
ccgnzlz,twitter
rontorres9,twitter
carlos_cisco,twitter
guevaraner007,twitter
fnfthecool,twitter
httplylacom,twitter
gzmn9415,twitter
preservetheusa,twitter
semanrtunc,twitter
kokygonzalez,twitter
joseeguitron,twitter
cedillodaniella,twitter
mannymarquezz,twitter
aadriann1121,twitter
aaronesxalera,twitter
marie_drew_bhr,twitter
_ovobaby2,twitter
ferocious_fetus,twitter
mayingbata,twitter
jeenn51,twitter
hilariogomes701,twitter
carlosbm96,twitter
davidlaub_,twitter
smlulz,twitter
roadtocrew,twitter
sirechi,twitter
mostdopebrayan,twitter
soccerboner,twitter
therealricardo,twitter
arnold_ch89,twitter
lulurami19,twitter
timmy_twitsalot,twitter
punk_tius,twitter
daniallerojas,twitter
ohmahgaby,twitter
guccivanee,twitter
pokerhontaz,twitter
gcarmona_,twitter
drid21,twitter
ohhgoriaaa,twitter
panicked_ariana,twitter
locapor_nutella,twitter
obscurelyclear,twitter
meeturdestinee,twitter
chloee_rey,twitter
wpsimon3,twitter
jgtepa,twitter
jessiebiebs94,twitter
theladystjean,twitter
vianneyhoran_,twitter
melissamathews_,twitter
thatbryeguy,twitter
rienmurray,twitter
georgieman393,twitter
juangarrido5301,twitter
aylinfdez200,twitter
johanaaesquivel,twitter
jesusmurillo,twitter
2010to_infinity,twitter
nessi_flower,twitter
krista67362,twitter
ihomila,twitter
_sumspecial,twitter
_xxomari,twitter
isaaltamirano47,twitter
roajayy,twitter
iammattbetz,twitter
gioserna_,twitter
karly46,twitter
simply_delia_,twitter
beth_landry,twitter
djmxm,twitter
yadirastyles23,twitter
jayacevedo,twitter
fgudi97,twitter
mochilord,twitter
baanaa_,twitter
imnhrz_,twitter
ponchozole,twitter
spacceepoop,twitter
bigblue674,twitter
faithsoledad,twitter
jorgealantorres,twitter
jon_garcia06,twitter
philllippcx,twitter
jowee_xiii,twitter
ecuarub,twitter
landisaponte,twitter
anaa_eg,twitter
valzlopezftw,twitter
jaayygarcia,twitter
kerford_,twitter
santicasta527,twitter
ashlee_makenna,twitter
rfelixjr72,twitter
alexhorandeel,twitter
valvyfranco,twitter
mireya_munguia,twitter
yoitskiss,twitter
arthurbarranon,twitter
_dulceb,twitter
manuelrivas92,twitter
mahleessa,twitter
rudy_camacho16,twitter
pabs909,twitter
bazzzinga1003,twitter
hiiipowercarlos,twitter
jcynavarro,twitter
chrymroman,twitter
marlonvalencia0,twitter
melisafisherman,twitter
canelaaaa1,twitter
1d_7_11_15,twitter
jessies_corner,twitter
its_gommezz,twitter
rizzahgwen,twitter
efigborges,twitter
brandie_barrera,twitter
wigiiiiiiii,twitter
missmunozz,twitter
octobers11th,twitter
luismadrigal1,twitter
deejayyriches,twitter
xonmywaytohellx,twitter
astridd_trejo,twitter
stfuvera,twitter
_maya_er_,twitter
9thone,twitter
xranzmendricox,twitter
lreachtorres,twitter
aurelien_dupuy,twitter
antmursphere,twitter
crunchtime25,twitter
oohnonialler,twitter
theedgarcampa,twitter
esecchristian,twitter
jandrestrujillo,twitter
hrdeborah,twitter
djcoyote84,twitter
adriana_saporta,twitter
jovonnieanaya,twitter
freddym5,twitter
natalxiie,twitter
mikepint,twitter
genietwinleyva,twitter
lovelistyle,twitter
maxtenzer20,twitter
yannick_luna,twitter
weezieweez,twitter
stevendelacruz,twitter
sirrom_llehctim,twitter
josweeee,twitter
childish_ace,twitter
lepremarko,twitter
cubankat_18,twitter
jaylanxtucker,twitter
omgitslalo,twitter
ayala_ahtziri,twitter
alissuh_,twitter
eduarrrdo57,twitter
kingseb42,twitter
giilsonf,twitter
sparz10,twitter
brizo_gee,twitter
vivalaritz,twitter
nicostacos_,twitter
mmejia0,twitter
big_seek,twitter
bigferndog28,twitter
emmfitzgeraldd,twitter
andreirabanzo,twitter
blarios89,twitter
anthonysena10,twitter
sebantoniovega,twitter
vanessa2100895,twitter
jefetorres714,twitter
perlaperla14,twitter
inesfl13,twitter
avs_ludogg,twitter
aps805,twitter
negromata,twitter
leslyarevalo_,twitter
loretta_ama,twitter
robertocr1,twitter
sabritful,twitter
jakecc_,twitter
m90026,twitter
misfits805,twitter
_crystalperez_,twitter
eg_dollface13,twitter
ysab_l,twitter
gamboa71434,twitter
joefmartinez,twitter
valeriastm30,twitter
cxdayna,twitter
quiksilver90262,twitter
xbadwood,twitter
cheeriios25,twitter
mquintero45,twitter
internetfamous7,twitter
msvianey,twitter
katielarios,twitter
lupesal22,twitter
arizzy18,twitter
lizjimenz,twitter
violencedemon,twitter
delrealoficial,twitter
elbeto_91,twitter
123lance11,twitter
_alberto_____,twitter
one_vazquez,twitter
crystalmz2015,twitter
kevindelgado13,twitter
blancoisco,twitter
victuoso,twitter
jesuslopez9797,twitter
adeedums,twitter
ebolaboi,twitter
ljcali4life,twitter
bum_slug,twitter
frozenstupid,twitter
destinyy_95,twitter
biancalemus,twitter
lorettamaesanch,twitter
mrericktorres,twitter
geetz16,twitter
salcido_zuri,twitter
gonzalezjaycob,twitter
loserfangirl12,twitter
jrlopez92,twitter
michaelflorezzz,twitter
lauraamagical,twitter
kiikitovar,twitter
ovrexcitedchikn,twitter
jeezpatrice,twitter
___abcdennis,twitter
p4stishita,twitter
biancastweet,twitter
chris_g913,twitter
uglyasskinks,twitter
adteutla,twitter
edwizzler,twitter
jeannette_mz,twitter
saryggx,twitter
__dcastellanos,twitter
joshuakcastro,twitter
carlossrealtor,twitter
iamleinadroxy,twitter
valenciadiego7,twitter
thommy1998,twitter
jbrnaus,twitter
binichsicher,twitter
giovana1962life,twitter
lahc_46,twitter
jccastaneda7,twitter
juanpablousa,twitter
mannemilio_,twitter
yayadquirozzz,twitter
el_dagser,twitter
jaimitogomez,twitter
an_iliad,twitter
brianargueta0,twitter
neptuneluis,twitter
_abdullah68,twitter
hcllowitch,twitter
a_mau_7,twitter
ddrdeeds,twitter
funkymonkeey12,twitter
marissa_baca,twitter
el_cl0s,twitter
amyvm10,twitter
_xxrockera13,twitter
matchalyfe,twitter
lupeee_cx,twitter
maryrose3277,twitter
yaboydave51,twitter
thefusionflow,twitter
ricardo_rome25,twitter
rinaababe,twitter
leeset_g,twitter
robert_ticor,twitter
askjillknowseda,twitter
tess_mau1d,twitter
daryanguzman,twitter
myrighttnut,twitter
angelmartinis,twitter
arialh21,twitter
rosa_tolentino,twitter
crimsondove14,twitter
irenetde_,twitter
josh74122318,twitter
senorbrewski,twitter
courtneynmarsh,twitter
wilgyvann,twitter
miguel1284,twitter
rickac99,twitter
teampotatoejoel,twitter
leopowlow,twitter
ericvazquez68,twitter
crrrystal_veee,twitter
laurynnp_,twitter
beazz88,twitter
luccalderon,twitter
ivonne_815,twitter
elliceruiz,twitter
fernandmartz,twitter
20_kimberli,twitter
miguelxquezada,twitter
jazmin34256,twitter
young_guava,twitter
ifatheraprince,twitter
jazminmlucero,twitter
douthite,twitter
youngabriel,twitter
lovingritmo,twitter
suededallas,twitter
paolanicole515,twitter
madchen14,twitter
mariatousios,twitter
erikamckey,twitter
antonioavila,twitter
marcecacao,twitter
alibra_27,twitter
srasykescollins,twitter
cruzerpimentel,twitter
laeticiarod,twitter
bigrob1982,twitter
juand,twitter
l8kursi,twitter
alley_bryant,twitter
lizethsalma,twitter
osweetbabyjesus,twitter
mystonerocks,twitter
louisgarskian,twitter
miltrulez,twitter
lexicantu2,twitter
theishaa,twitter
davidvargas_13,twitter
anmariemoreno,twitter
team_anaa,twitter
djrebelbase,twitter
fabriciodcorrea,twitter
curly0711,twitter
javiixii,twitter
captivated84,twitter
j_ram25,twitter
jmadrigal323,twitter
karnage_105,twitter
lcifdesmond,twitter
_omgjerry,twitter
elsieroxanne_,twitter
_ryanrodriguez,twitter
friendalexa24,twitter
betitos,twitter
jrenteria,twitter
stfu_jklolbrb,twitter
miltonrodas,twitter
rikki1020,twitter
_richardmiranda,twitter
nabilcaptan,twitter
ankeens,twitter
martilavignasse,twitter
emadwaqfi85,twitter
arianavrm,twitter
based_miguel,twitter
the_gaberino,twitter
firmefuh,twitter
elizahbetch,twitter
armando_frescko,twitter
ruben_amaro9,twitter
maidensantaana,twitter
adrsan84,twitter
louisaf_100,twitter
sergpinheiro,twitter
fernytheqb18,twitter
jhellatiiiiin,twitter
oskarrc,twitter
anveche,twitter
carlosp714,twitter
jesus_chucho101,twitter
lupeolide,twitter
1k8ngdrew7,twitter
javieair_,twitter
rxblaw,twitter
itswonderharley,twitter
catoeh,twitter
sameemonique_,twitter
casamorata19,twitter
brinqw,twitter
rafavallina,twitter
swirl_ac,twitter
jeffdahlia,twitter
rafaelbaezjr,twitter
sorryimjazmin_,twitter
alondreez,twitter
grizzly_27,twitter
ccorenoo,twitter
xoxoalysababe,twitter
dvaldovinosm,twitter
ladylauda,twitter
mauriciocruz112,twitter
vip_nightlifela,twitter
sakura_sakura1,twitter
uhmmissy,twitter
caveman17_,twitter
el_suplemento,twitter
fearleslie_,twitter
julietteemariee,twitter
aaron_ox805,twitter
ag5gonzo,twitter
budarydachas,twitter
fandybvb,twitter
jedisk8r92,twitter
soniasgivenchy,twitter
edgarhndzchaka,twitter
carlos_so_cute,twitter
mypassionsmusic,twitter
themarciediaz,twitter
mujo562,twitter
lauraabigail_,twitter
rigomexican,twitter
samvargas,twitter
dumbassiris,twitter
yunuen_logs,twitter
isaiasbeatles,twitter
abbygarxia,twitter
bhunekojiz,twitter
erikvsantos90,twitter
berniekardash,twitter
ag14tiki,twitter
clos211,twitter
vlone6ix,twitter
varela_isaiah,twitter
boganpinodki,twitter
victoriazee,twitter
katttthia,twitter
gaming__boss,twitter
eugeneasantos,twitter
thechad___,twitter
musicalmaster16,twitter
felixx1990,twitter
nicocobean,twitter
amzgspidey,twitter
leejetr,twitter
seeeesir,twitter
borinquens,twitter
diegogrestrepo,twitter
samilly_drew_94,twitter
tsr_centurus,twitter
sethshaj,twitter
maggyta_sv,twitter
_jcalzadillas,twitter
moonlightbaecat,twitter
myniggganas,twitter
gabyazmartinez,twitter
corrinapalacio4,twitter
caprissunn,twitter
mark_f_moreno,twitter
cutiequeenlc,twitter
_durans_,twitter
itsjesssv,twitter
thiskidart,twitter
jaimybolanos,twitter
kingo_mar,twitter
richer_21,twitter
el_jota_eme,twitter
daisynl21,twitter
elxbilly,twitter
lttleblckdres,twitter
j_santana7,twitter
mr_ramirez_88,twitter
shaimafathima20,twitter
edwaaardcruz,twitter
ariviii,twitter
fidm_fanny,twitter
angelruby17,twitter
heredia_paul,twitter
melodycalled,twitter
bantolasyn,twitter
kathyycisneros,twitter
baitribesun1971,twitter
evocejo,twitter
dgiacobello,twitter
esme_ramirez_,twitter
brownzackmorris,twitter
kixquirarte,twitter
sexybitch6964,twitter
beautybymelisa,twitter
justsammy_1,twitter
dan_ielc,twitter
itsmethetyrant,twitter
moni___mo,twitter
josesukx_,twitter
young_athlete88,twitter
crispyusa,twitter
bonrosa1998,twitter
scowlboyh,twitter
antonrubaclini,twitter
malime,twitter
mrericreyes,twitter
mattia_maffi,twitter
segovia5533,twitter
ariannagfrias,twitter
lucerosoto14,twitter
dietob0rn,twitter
gladis_merino,twitter
lalamona5,twitter
lrgutier,twitter
350_562,twitter
mexia000,twitter
caveman_74,twitter
rhinestonee,twitter
_gabyinthesky,twitter
rudis95,twitter
ohmyelisia,twitter
28rock,twitter
ms_mina_,twitter
izaiah535,twitter
4valen6,twitter
joshbarajasfc,twitter
_jazleeen,twitter
lisipperez,twitter
chrisadedeji,twitter
cynthiadelrey__,twitter
sowfeeyuhh,twitter
therealrivera,twitter
oamlyya_,twitter
carlosa_h,twitter
rayprado714,twitter
01smartone,twitter
___x88,twitter
jazzycoolguy,twitter
mycook1es,twitter
krivera_7,twitter
miguelmendoza_7,twitter
riverridgetech,twitter
amadoojeda,twitter
adriann82c,twitter
pimpargentina,twitter
odalisgcruz,twitter
bdubkills,twitter
kei_kamila,twitter
ajlopez213,twitter
mgil11,twitter
josemufi,twitter
rileylo17,twitter
reyeslotusgroup,twitter
natalylizette,twitter
lzbthrmrz,twitter
lauriedarko,twitter
_kich0,twitter
deseobunny,twitter
rhealyn,twitter
michellsanchezq,twitter
gilbert719,twitter
solanodawiz,twitter
imcharlesputman,twitter
jocose00,twitter
supermarv7,twitter
iamlbc_mike75,twitter
andyquezada323,twitter
salgarcia94,twitter
yoooits_colleen,twitter
rodrigoogalan,twitter
floresita7859,twitter
cezasf,twitter
wthjavi,twitter
nicoskates,twitter
alv3miggi,twitter
nc17jordan,twitter
andyrod96,twitter
eddiex33,twitter
jodey_joe13,twitter
jonatan__perez,twitter
1albertperez,twitter
misselidaa,twitter
gypsyjunkie,twitter
viera_fitness,twitter
lbsince88,twitter
1973kg,twitter
zaratem_,twitter
theanasantaana,twitter
vicckeee_,twitter
londesign,twitter
maldo420,twitter
briannajmachado,twitter
dostthoueven_,twitter
ignaciom110,twitter
roxy24g,twitter
digitaldavidg,twitter
saraiitorres16,twitter
vbstweet,twitter
dovakiin666,twitter
nurse_salvador,twitter
bigburrito101,twitter
trojan_msw,twitter
chayo_1518,twitter
loxlue,twitter
mg1perez,twitter
andymunoz914,twitter
caarivera_24,twitter
gabrielcrouchre,twitter
dyazmiguel,twitter
cynthiaroyce123,twitter
nery714,twitter
jakelopez,twitter
mikerealohs,twitter
valeriacard0na,twitter
hc1_nova6,twitter
caballero_rene,twitter
yeezuus__,twitter
asohi,twitter
monica_paddles,twitter
rauleschivas,twitter
phaniepille,twitter
tehgamerchips,twitter
charlieguzman4,twitter
myboysrdbest,twitter
mralain456,twitter
wsalazar,twitter
luigifas,twitter
prestoncabeza,twitter
merylbelle,twitter
mooseknuckleblu,twitter
revelo2000,twitter
dustyyy7,twitter
gninerfan21,twitter
chosencode,twitter
marielamadriz3,twitter
b_jorge2,twitter
rfelt_,twitter
katheri47239333,twitter
dannigeek,twitter
eldiegogarzon,twitter
iamjoseperez,twitter
notswergio,twitter
cecitrujillo,twitter
luis_ramirezz11,twitter
kelseyllamaorca,twitter
giselleivana1,twitter
aoizero,twitter
zimbargoamaro,twitter
dragonfp,twitter
laurava65660159,twitter
poo_tang_,twitter
tinydancerrr_,twitter
maria_pelletier,twitter
mimiz1996,twitter
indigo_tsunami,twitter
dsilv91,twitter
_classicjules,twitter
blur0918,twitter
brian_roah,twitter
kittyshesiare,twitter
hramirez24,twitter
yxzzus,twitter
writetokarla,twitter
r_morgan77,twitter
khronhousereco1,twitter
rafaelventura,twitter
lovocris,twitter
kingsolanoiii,twitter
christofoi,twitter
kaitlynmarquez,twitter
hotloubling,twitter
lola_kills,twitter
fedetorresr,twitter
big_phil67,twitter
yoitstravisb,twitter
alle312,twitter
gehetrouble,twitter
andyboy_91,twitter
213dev,twitter
elkingpedro,twitter
adrianadnielle,twitter
dreya_9792,twitter
trulyriz,twitter
tylerheinsius,twitter
hoyastony,twitter
stephreyx,twitter
erikelso,twitter
elgueromasguero,twitter
beatrizzderecho,twitter
carlitoss__c,twitter
anthraxsyntax,twitter
alyssasolorio02,twitter
consafosmovie,twitter
a_larios50,twitter
cobrashotmess,twitter
captainxander02,twitter
senor_grif,twitter
karemerie,twitter
joearango1,twitter
kevintobar21,twitter
anderz_91,twitter
giopayan,twitter
kenifermoran,twitter
alwayskeepup01,twitter
_josem94,twitter
jjvkendall,twitter
jhrnndzzz,twitter
angsanch14,twitter
burmella,twitter
adrianpreciado7,twitter
rdomholdt,twitter
eduardobeans,twitter
itsimplied,twitter
row_drigo,twitter
elericmenjivar,twitter
jojrodriguez512,twitter
robflola82,twitter
its_anthony15,twitter
hellokftw,twitter
chinoruano,twitter
dannyl7,twitter
saucyassbryant,twitter
mayagee123,twitter
panthologist,twitter
cristinasantoyo,twitter
scboi67,twitter
mpurabrown,twitter
inklof,twitter
therivas,twitter
claudyramirez0,twitter
thinnishworm,twitter
dolllip,twitter
carmenbrava,twitter
germanlokz,twitter
_xavicastro_,twitter
newstarz1985,twitter
linabrucem,twitter
eternaldas,twitter
bigkamotion,twitter
driiconfident,twitter
marisaae97,twitter
nickthephantom,twitter
rickymcflyy13,twitter
dynocosmicjay,twitter
bebeperfecta,twitter
caballerog707,twitter
dv8_mua,twitter
svu_nel,twitter
lovejoy_90,twitter
goldguilexx,twitter
vasquezalfonso,twitter
heyaleksandra,twitter
misseren90,twitter
carla_lo,twitter
crystalalyssa17,twitter
throtes,twitter
juan_rod_1997,twitter
iamdenislara,twitter
jackiestephh,twitter
themeowlos,twitter
georgepallas,twitter
bryansplatoon,twitter
jram0214,twitter
varetyr,twitter
jickham13,twitter
yoitsnoe,twitter
mandolakings63,twitter
ana_montes4,twitter
crowjhuinj,twitter
fgabrieltomas,twitter
mlcfromtheheart,twitter
julianc14791584,twitter
amacgeekster,twitter
iiift7iii,twitter
sakone,twitter
samiemendez,twitter
beeskneesanali,twitter
carmencuma,twitter
joemar033,twitter
damianrosiak_54,twitter
ruthrey57799991,twitter
mloza14,twitter
gargargargarcia,twitter
sergiocunagf,twitter
elizabetharg27,twitter
sgonz009,twitter
jade_killz_,twitter
leadamericas,twitter
marlonbrandoes,twitter
loidalynestrada,twitter
icra32,twitter
pulpxfictiion,twitter
dougiefresh1326,twitter
victor5erna,twitter
iss_taylor,twitter
vicuribe66,twitter
danielduscae,twitter
805adg,twitter
deharo90,twitter
idealshot,twitter
zayan_malik13,twitter
marcibar11,twitter
itzjohn44,twitter
senior_migz,twitter
getbuck666,twitter
joelereyes12b,twitter
aaria19,twitter
that_rad_chk,twitter
roleplay_girl,twitter
daniel_schoorl,twitter
andi_norona,twitter
gill_gabriel,twitter
pj34372,twitter
barbara_banda07,twitter
adrianabonnathi,twitter
westaylit03,twitter
pimoraul,twitter
lyanne_moreno,twitter
hashtagjulio66,twitter
bahbur,twitter
nevabaq,twitter
alex_avila92,twitter
rafaelsilv00,twitter
angelsarchive,twitter
juliohdz982,twitter
riddled_reverie,twitter
miguelg32808877,twitter
thesimongojcaj,twitter
fillintheblnk,twitter
amasiox,twitter
edgarrfoo069,twitter
raindrops6277,twitter
noahkenobi,twitter
carlosarambula,twitter
klutchla,twitter
car40561254,twitter
selyaana,twitter
justme_nessav,twitter
iwakuranx,twitter
eduarcraft001,twitter
open_fire_,twitter
ebabehh,twitter
jade_angel7,twitter
craftondraft15,twitter
gerber213,twitter
ayme71085914,twitter
doormanca,twitter
jdavidsanchez,twitter
ferchofarsan,twitter
rchrls14,twitter
fernie_rez,twitter
pessimisticmuse,twitter
a_owenlara,twitter
acastellanos09,twitter
robertperez93,twitter
rpvega60,twitter
ajkushkilla,twitter
sanchezmunozana,twitter
mariaaalvarez31,twitter
rezafassihi,twitter
afurtado1,twitter
marija_delrush,twitter
nanceneg,twitter
diegozayas16,twitter
dee_leos,twitter
orrego117,twitter
yarciag,twitter
lakersbnn,twitter
guad_5,twitter
artie60,twitter
fxrnvndo,twitter
missrivas5,twitter
zohelibarra,twitter
siglesias61,twitter
almamango91,twitter
hirohimura,twitter
dusoleils,twitter
_emiiia,twitter