juanpabloraba,twitter
johnfeldy,twitter
afshineemrani,twitter
exuiansis,twitter
mylastbite,twitter
iamrealsmoove,twitter
dubouchet,twitter
xlnb,twitter
martinaoprey,twitter
dulcecandy,twitter
purplehayz,twitter
latimescitybeat,twitter
haloharris,twitter
0l1l2,twitter
justbigboobies,twitter
freefoodies,twitter
casualtycai,twitter
aaronmsanchez,twitter
mamicv,twitter
maliachigh,twitter
dorotha_bulloch,twitter
brookesarpell,twitter
chrismatashow,twitter
armanwalker,twitter
realgdt,twitter
cristela9,twitter
bangtanboysft1d,twitter
renato_laranja,twitter
elenabn07,twitter
news_jsc,twitter
raqibmarvelous,twitter
artfuldetective,twitter
mikepriceinla,twitter
ardensboobs,twitter
rarmandom,twitter
eddieonfox,twitter
dannyreallife,twitter
londerswonders,twitter
stockholmxliam,twitter
fscavo,twitter
loliypops,twitter
valentinokhan,twitter
skateboardfaze,twitter
devincf,twitter
biebersarianas,twitter
daisysuarez,twitter
thesweet_munk,twitter
marcpayan,twitter
baelessvibes,twitter
christinabound,twitter
hoopsoverhoes_,twitter
alex_wiley,twitter
theerealgrizzly,twitter
harrisonfordla,twitter
1990smahone,twitter
immharvic,twitter
whenscottfails,twitter
erikaaniston,twitter
kilameri1,twitter
fatilatuti,twitter
michaelsaucedo,twitter
jillarrington,twitter
thisisriehlryan,twitter
edgarsandovaljr,twitter
jaaychanel,twitter
marcoontheweb,twitter
findme5sos,twitter
williebarcena,twitter
abc7alysha,twitter
lancemayfield,twitter
ericdadourian,twitter
brianvibberts,twitter
quirkyjerk,twitter
marcowill,twitter
thenyorkerstyle,twitter
slywilkinson,twitter
erbp98,twitter
123simulation,twitter
_artillery_,twitter
soalexgoes,twitter
nickyybear_,twitter
ibieberflight,twitter
familydocwonk,twitter
quinton_harris,twitter
sblackmoore,twitter
jalendotson5,twitter
kroqkom,twitter
quikgunz,twitter
theamitie,twitter
ourfazinali,twitter
jennyyangtv,twitter
mikeaveli2682,twitter
boytweetsworldx,twitter
_princessabi,twitter
carrieksada,twitter
nhl_haiku,twitter
tooyurnthall,twitter
jlwoj,twitter
datuois,twitter
amiiirraaaa,twitter
djfrankieee,twitter
miriamkp,twitter
ti3rrv_,twitter
bbdennyskullz,twitter
melissa_dell,twitter
smalllinux,twitter
jlmadridfederer,twitter
comiendoenla,twitter
closetcaseroman,twitter
alexgelhar,twitter
blindedbyjustin,twitter
sandy_delish,twitter
fuckyourfetus,twitter
del_backspace,twitter
xidontlove,twitter
alexinanaheim,twitter
alexdjade6,twitter
haymaker710,twitter
cuddlemecloudy,twitter
gusjournalist,twitter
americaniife,twitter
mizmeliz,twitter
alexisisbestest,twitter
wopcyrus,twitter
dora_j_kelly,twitter
chelllychelz,twitter
mariabustillos,twitter
tragicmikey,twitter
brokengirlftmgc,twitter
1dftbrennen,twitter
flashmanwade,twitter
jamiefishback,twitter
becauserachel,twitter
gamercore,twitter
illiam_william,twitter
jacobstuart20,twitter
pastaversaucy,twitter
sergiocilli,twitter
gsnaps,twitter
kimyugeoym,twitter
chokemeariana,twitter
dannymma125,twitter
michellenbcla,twitter
bnowalk,twitter
jennersnadia,twitter
frankjavcee,twitter
dustbunnymafia,twitter
danielaarceo133,twitter
galacticasitrep,twitter
arceeloveee,twitter
saweetangel,twitter
_cynthia5sos_,twitter
matisamanthaaa,twitter
allisonarjent,twitter
mellinakong,twitter
leonard02534516,twitter
maritzabeverly,twitter
jamesmasl0w,twitter
_bbydes,twitter
covington__,twitter
rosyblue,twitter
urfavmel,twitter
danielsgfriend,twitter
ikonmonstax,twitter
wendycortiz,twitter
davidhr4_2,twitter
thekubliest,twitter
savannah_posh,twitter
moniquemarvez,twitter
pwinsuslex,twitter
elejucatecam,twitter
monicaoliveirap,twitter
salwahazmalxoxo,twitter
brandon_bird,twitter
_taliaaaah,twitter
alebrugues,twitter
fuckbizzle_,twitter
jayxkills,twitter
vicyunng,twitter
divineperez1,twitter
onetokenblack,twitter
charlottexhuang,twitter
noodlenatt,twitter
gnoccofritto,twitter
milesgastonv,twitter
thegrouplove,twitter
sawyerisanangel,twitter
lovely_vanesa,twitter
kurtzierlein,twitter
farrar43india,twitter
joel_eisenberg,twitter
naibereynoso,twitter
esteban__21,twitter
fregosomelissa,twitter
itsjazmiinr,twitter
amandajasmin_,twitter
babygirlvall,twitter
youtubes_top,twitter
mcastimovies,twitter
loueezus,twitter
la_cancion,twitter
dee2pink,twitter
thomasb00001,twitter
tym2g3thi,twitter
sadbeavty,twitter
dreavasquez,twitter
hero,twitter
monster_bri,twitter
nicoolegee,twitter
johnnyroque,twitter
billchott,twitter
paulargueta,twitter
cosmiclaurel,twitter
maxcaulfielld,twitter
nikolehoran_,twitter
carlossa30,twitter
wonholyshit_x,twitter
tracigranta,twitter
alemonvic,twitter
valerieeele,twitter
saammyym,twitter
maria_conteh,twitter
firelightafi,twitter
madshana,twitter
mar_e_o17,twitter
anaa_bannana,twitter
pukingdallas,twitter
kingspapa1015,twitter
eniolabbog,twitter
lanamanaii,twitter
eevonxo,twitter
angelee_desiree,twitter
fooknpenguins,twitter
swiftbiebsdiana,twitter
lizbethgzz9,twitter
geminigypsyy,twitter
arturom614,twitter
_lalalaura,twitter
thechrisglass,twitter
samaria_xo,twitter
senormcm39,twitter
kindasillymommy,twitter
marisolmolina1,twitter
tiana_cuhh,twitter
lexiebieber1,twitter
braderunna,twitter
lablossom7,twitter
jennerrssblog,twitter
socorroojeda,twitter
asmuniz,twitter
spacekicker,twitter
akzillas,twitter
ahmadchildress,twitter
mariaguerra76,twitter
essienfrank,twitter
m4pr_mel,twitter
mjkp_7,twitter
laurenxxi,twitter
elisatorres06,twitter
sgarcia81,twitter
velascodenise_,twitter
dismaldun,twitter
camyfornia,twitter
chanelle_horan,twitter
brentsgf98,twitter
_rukss,twitter
jeffmasters1,twitter
mariah_811,twitter
stillfidel_,twitter
junnkoftheheart,twitter
hail_lucius,twitter
ml_5,twitter
alexxlo_wrg,twitter
larriescum,twitter
taline_esser,twitter
theunwonted,twitter
reginamarisah,twitter
unaimi,twitter
zftwarning,twitter
sofeeeuhhh_,twitter
ardaniel,twitter
hernameisrae,twitter
reflex76,twitter
brianhoutz,twitter
hgoldbergsloan,twitter
radgypxy,twitter
ginimartinez,twitter
fortheloveofcab,twitter
thekevinrubio,twitter
braaaaaatny,twitter
ttonatzinee,twitter
itskimmieee,twitter
mariorod767,twitter
liesldiesel,twitter
grumpylilshit,twitter
thechris96,twitter
gladys_aguiniga,twitter
crystalsola_,twitter
lolala_showgirl,twitter
andyblaahh,twitter
narrovictor,twitter
_yojazz,twitter
pelapatatelarry,twitter
mirandycosgrove,twitter
whooscm,twitter
aeyliasl,twitter
xoxominna,twitter
iamdonbills,twitter
freakincaro,twitter
_mariaa___,twitter
chandeeezzy,twitter
rebexledesma,twitter
arianag_please,twitter
soulbrothawoody,twitter
niggalipsbrina,twitter
mark__got7,twitter
aestheticgoals,twitter
paynelessly,twitter
18loustyles,twitter
redeyedtreefro,twitter
maawwwie,twitter
westgateposters,twitter
_eniledam_,twitter
authenticpepe,twitter
natsantos10,twitter
r5rachael,twitter
louonthesubway,twitter
kcin1122g,twitter
iamsifuentes,twitter
iamoscartrejo,twitter
mariaalomeli,twitter
camwow_33,twitter
_tonight_alive_,twitter
emiliocervantes,twitter
stevenferazo,twitter
honeydogkimura,twitter
droozzzey,twitter
official_sexton,twitter
thelaplayboy,twitter
josseeegarciaa,twitter
naaa_jelly,twitter
lenoirauteur,twitter
chumbler,twitter
dezykemp27,twitter
robertboiii,twitter
missestephany,twitter
larrahdjs,twitter
saaaanchez_15,twitter
wickerwaka,twitter
daisypareded,twitter
ninabgonzales,twitter
cassierosea,twitter
manda_cardenas2,twitter
wyattpls_,twitter
_makkonen_,twitter
mouthgrds4champ,twitter
lowkeyy222,twitter
drmonicaquezada,twitter
kimbourlee,twitter
lilmamastephhh,twitter
jaijai_styles,twitter
vintage_goodies,twitter
theangryyogini,twitter
_alexdeguzman,twitter
bellahood805,twitter
sickle_claw,twitter
gresire,twitter
chloeanatiablac,twitter
bbyliyahh,twitter
roselin_salgado,twitter
chinorad_,twitter
dedoritas17,twitter
satans1slut,twitter
cynthiadmendoza,twitter
realalexmeneses,twitter
extrodinaharry,twitter
blackjustinfan,twitter
mmichelleaamy,twitter
sheee_lulu,twitter
groovyyvette,twitter
sg_lauraa,twitter
mmari2539,twitter
jbsmjle,twitter
eridgnal,twitter
astridstars,twitter
danysalinas3,twitter
alexiavagaba,twitter
gaybiden,twitter
ginagemeni,twitter
pjrojas1975,twitter
ashleeymarian,twitter
hectormora,twitter
antroncinco,twitter
iloveeebabs,twitter
mrshasta,twitter
isabelkcc,twitter
mercedessxo_,twitter
_babytina,twitter
jewlslena69,twitter
jesscluess,twitter
haleyyrivas,twitter
yungcy__,twitter
mvortega99,twitter
rachel_hudson11,twitter
angeldagawd,twitter
pastordlazo,twitter
haleyygomez,twitter
lnlysmae,twitter
jchurt2,twitter
amycwest,twitter
daking_28,twitter
margarethroyce,twitter
iamhectordiaz,twitter
majia1,twitter
azrasyzyh,twitter
amazing_aye,twitter
thatniggaahjosh,twitter
katie_drozd,twitter
monicajortega,twitter
nourishment_now,twitter
bay_of_puigs,twitter
angelmcastillo,twitter
aryyfloress,twitter
nickk_johnsonn,twitter
alisoon_1d,twitter
palmitalokz,twitter
auroralashini,twitter
_jazzaaay,twitter
kingcyrussss,twitter
juuicyzaay,twitter
chichartodelena,twitter
dannassierra,twitter
srslyidcxx,twitter
saragrissel,twitter
suzy_x_groovy,twitter
carlos_d_davis,twitter
xx_munguia,twitter
sunflowerlunaa,twitter
nicababess,twitter
ch_eekygirl,twitter
_asian_dee_,twitter
mariagongas,twitter
iamsheajenkins,twitter
deggowaffles,twitter
fernaandaaaa27,twitter
julianaabud_,twitter
pastorjack5,twitter
xrlvas,twitter
renkades,twitter
jannycev,twitter
tomchristensen,twitter
itsdayana1738,twitter
jmastaflash21,twitter
calibravesfan,twitter
heyitsdianasaur,twitter
guadaagarciazas,twitter
96sdo,twitter
laurbits,twitter
lillmamajane,twitter
rnbw1,twitter
joselinelopez8,twitter
yourgirl_julia,twitter
litxhalsey,twitter
josefranco_,twitter
focusfactory,twitter
ibraviery,twitter
camilalalaaaa,twitter
gcaesar24,twitter
ahrayahw,twitter
elle_lo,twitter
mayadaniellep,twitter
_eiramelleinad,twitter
leamagcon7,twitter
ht_luckybs,twitter
_mamanayyy,twitter
citlalli_has_no,twitter
_essakarina,twitter
anhhgel,twitter
redizzy2,twitter
chefboyarkey_,twitter
tayllorrmarie,twitter
rosiegee__,twitter
monsedp28,twitter
kingpaul98,twitter
emilyyeatworld,twitter
leeeetty_,twitter
louissparada,twitter
lovestereo,twitter
7_rayan360,twitter
jackiieehhh,twitter
yulaeva20,twitter
alvarezz33,twitter
jzl_hemmo96,twitter
ithinkfuckthis,twitter
__carla3,twitter
leeshknowsall,twitter
allyssasalgado,twitter
ashleyglez_,twitter
iantoniojohnson,twitter
rareheartz,twitter
thecarlosroman,twitter
_vpdx,twitter
ramirodperez,twitter
monicvdelgado,twitter
jazzzzminnnnn,twitter
lost_angela,twitter
irakirsten,twitter
jb_legit,twitter
miahopkinsxoxo,twitter
officialchody,twitter
roarcio,twitter
miguel_fooo,twitter
triecee_,twitter
lukewarmcth,twitter
katieayala01,twitter
cadsm14,twitter
ashleesimmns,twitter
jordynbassler,twitter
annaisvalencia,twitter
mikalvz,twitter
michelllleeeeex,twitter
evannarod,twitter
santosdela,twitter
lexexclusives,twitter
maidenhollywood,twitter
versacebruja,twitter
briannam813,twitter
papayangie,twitter
rosa_torralba,twitter
berrysherry_,twitter
louuuis11,twitter
vernoff,twitter
karinaa_ariass,twitter
allaaayyy,twitter
georgepallas,twitter
chris_calderonn,twitter
greer_erin,twitter
bearlyknown,twitter
pimenov_lia,twitter
c3phoe,twitter
paredg2,twitter
blancorobert_,twitter
daddydrew_1,twitter
theeegrinch,twitter
definitelykiana,twitter
miikalala,twitter
laurasaysgrrrr,twitter
dearestmarylu,twitter
justramos,twitter
lvrdtrav,twitter
jayleenswagger,twitter
rozy_pozy,twitter
thefuxedos,twitter
valeria_nunezzz,twitter
xrikaaa_,twitter
brandonreyr,twitter
luis_tweety7,twitter
theetrojanman,twitter
clynvallejo,twitter
heyittsdreah,twitter
xitlalyfregoso,twitter
joyce_tyler,twitter
erik_garcia24,twitter
typicalwhxtgirl,twitter
natdizzzllee,twitter
_bigpapiserge,twitter
garydaquan,twitter
dannyalva_,twitter
sailor_mo0n,twitter
tommy44vercetti,twitter
anelyn_02,twitter
whateverjason,twitter
kevalonso,twitter
perlaarellano12,twitter
heyybibi,twitter
yeeet_16,twitter
thats_so_maddy,twitter
jadecruzquinn,twitter
sharonreynosa7,twitter
_thebang_,twitter
luisisntfunny,twitter
lanamountainlou,twitter
nat__flo,twitter
dazedly_,twitter
missvaleryeej,twitter
reynaga_heidi,twitter
miss_jauregui21,twitter
143jaylah,twitter
idanxo,twitter
ivansphere,twitter
alysssageee,twitter
natalyromero___,twitter
vassxv,twitter
julionumber9,twitter
claudydaudyy,twitter
khrystineskyy,twitter
iam_dc3,twitter
remy0463,twitter
ashleyanaomi,twitter
ggfunk,twitter
bbyquag,twitter
jessicakaede,twitter
janeee_baby,twitter
jockdaddyjc,twitter
j_ose18,twitter
5150wonderbread,twitter
brizaarias,twitter
yungraf650,twitter
nova__santana,twitter
isabelxramirez,twitter
ssonoraa_,twitter
celineflores3,twitter
meganclementss,twitter
toxiclexiee,twitter
_nickylou_,twitter
mrjsykes,twitter
chyannii15,twitter
phattonez,twitter
swagedoutfoo,twitter
yarab,twitter
track_aces,twitter
hanzxd_,twitter
b_2wiceee,twitter
kybrucee,twitter
just_me_nelson,twitter
crt3_,twitter
hollowboi_ray,twitter
bmercedes94,twitter
theconflictguru,twitter
xostellarmama,twitter
silvaannaa_,twitter
raulgarza374,twitter
melii_siframm,twitter
unaeyp,twitter
dayyr_,twitter
im_enagem,twitter
k_hamilton1,twitter
bigbrompton,twitter
isaac_zn6,twitter
belx_c,twitter
jayjay_lgnd,twitter
andresmur10,twitter
alexandratw24,twitter
ellamichelle_,twitter
elisejayme,twitter
heelilbambi13,twitter
nochillchels_,twitter
kyungsoupy,twitter
xkarlybadillox,twitter
a_maloleyy,twitter
ameriiica_,twitter
evelyn_melgoza,twitter
jasmunozz,twitter
oz_miracle,twitter
slxk_rick,twitter
denisseyvonnee,twitter
coolstoryliz,twitter
nancyazalea,twitter
jriosofficial,twitter
chantirachelsea,twitter
johncsmith7,twitter
dariamanzano5,twitter
thekid_rudaaaii,twitter
mumphrey,twitter
marmar_92,twitter
ninjaaa_ariel,twitter
titanicccccc,twitter
kristenmrock,twitter
bianca_434,twitter
rubyacostalot,twitter
sugartitsraulie,twitter
indira_padpa,twitter
laurenashleeq,twitter
diegoivan95,twitter
celestelmao,twitter
robbaca,twitter
wr3cksauce,twitter
ashyistoobomb,twitter
cryzahh,twitter
richardthanyou,twitter
isammiehhh,twitter
mr_snowmeiser,twitter
em_andreaaa,twitter
reezieterp,twitter
erupton,twitter
babymommasyn,twitter
erikandresluna,twitter
vanessaacevedoo,twitter
0scaraguilar,twitter
pooladear,twitter
alfarokathy,twitter
realbryanguerra,twitter
allisonkim15,twitter
uchihamaggot,twitter
wtffranco,twitter
lizzethmorgan,twitter
4361letti,twitter
davaughn_r,twitter
ajahstarr,twitter
thinkingwitty,twitter
eaaguina,twitter
natalieg325,twitter
stonerasspaisa,twitter
aperez5419,twitter
duhkarlaa_,twitter
miaaaagrayson,twitter
professor_danks,twitter
abreemontana,twitter
richardmabery3,twitter
tumami_brendaa,twitter
gabyburgara,twitter
casssiegurl,twitter
_erikamontano,twitter
cortez_julie,twitter
chavita_18,twitter
kahnstephen,twitter
glokitti,twitter
bogusxx,twitter
_ppattiki,twitter
stephsabitch,twitter
nadii_yaa,twitter
anah_esquivel,twitter
teresaledesma,twitter
minecrimson,twitter
jezzzmaarie,twitter
kdotfabian,twitter
julioaayala94m,twitter
_prodigy714_,twitter
xo_christivn,twitter
julianatoloza1,twitter
princessmvbel,twitter
gisellmendoza7,twitter
itsamemariox,twitter
cravingtobieber,twitter
sunburst_bass,twitter
kimbooboo_,twitter
marianatolozar,twitter
eyeben,twitter
reymeney,twitter
marnetinho83,twitter
anaejolie,twitter
davedeeone,twitter
xoxo_kate10,twitter
eric_g96,twitter
dimelovelez,twitter
_dannymora_,twitter
ikingwzrd,twitter
fatpatricia714,twitter
brauliomoretz,twitter
lorenzomora,twitter
krista67362,twitter
dianerbananers,twitter
meysell,twitter
lorddelacruz,twitter
oscarecoy,twitter
holytoledo3,twitter
shadowneon10,twitter
raadangelx,twitter
itsmenavil,twitter
iamalynchg,twitter
brentmata,twitter
hpbabe_,twitter
davidartgar,twitter
ox_medina,twitter
mgmixo,twitter
alexiagoadjb,twitter
_alpha_kevin,twitter
youknowgerm,twitter
theg_94,twitter
itsdevon08,twitter
honeybeeee33,twitter
ellenmor44,twitter
caligirl81825,twitter
yungchung_,twitter
itsravenbro_,twitter
mustangmario,twitter
jessadilla,twitter
ocanity,twitter
josephasoria,twitter
leftie,twitter
nataliaa671,twitter
vanessa_itsme,twitter
kevinkhidd,twitter
jg_xxiii,twitter
komarudes,twitter
_adamrocha_,twitter
ham_sandoval,twitter
ummiriam11,twitter
natmayavelli,twitter
alvaradob94,twitter
sofymier,twitter
ver_gee_dee,twitter
michgosling,twitter
chefgabby51,twitter
gayandburning,twitter
ashturcios,twitter
arianaderas,twitter
_kaylaw29,twitter
raxielisnz,twitter
marcrazon,twitter
joao_machado00,twitter
chancesr3,twitter
carlo__daniel,twitter
jo_frias,twitter
crono909,twitter
suzannavasquez,twitter
stfuvera,twitter
victoria_mwyatt,twitter
jamiwyman,twitter
dxxvii96,twitter
shels06,twitter
ohhnany,twitter
sirrom_llehctim,twitter
kpharris123,twitter
polobear69,twitter
caylen_captures,twitter
bperalta25,twitter
genessecarrillo,twitter
_viviana_riggs_,twitter
izigala94,twitter
vanessaamolina_,twitter
_clevername,twitter
yummiiex,twitter
juana_231,twitter
jjvkendall,twitter
jvstinsilva,twitter
groovyrachel_,twitter
oohnonialler,twitter
rudy_camacho16,twitter
gamboa71434,twitter
mzonmiriam,twitter
kristinamariah_,twitter
mavericckkk,twitter
barbaramlykes,twitter
roadtocrew,twitter
victorpanky,twitter
brooklynfromla,twitter
pumpi9121,twitter
miarolonnn,twitter
miriann_gee14,twitter
razojanelly,twitter
aclaytonstevens,twitter
dxniarisxa,twitter
macias181124,twitter
kevindelgado13,twitter
aps805,twitter
incalos,twitter
x3rick_,twitter
ayyealberto__,twitter
mystonerocks,twitter
esietheory,twitter
kiikitovar,twitter
youbejaded,twitter
funkboii,twitter
vargasvalentin4,twitter
kaythuggg,twitter
alibra_27,twitter
sophrosa,twitter
jessies_corner,twitter
pixel_patrick,twitter
clarissabenzo,twitter
adrianaaliv,twitter
laurynnp_,twitter
darnhipsters,twitter
ddrdeeds,twitter
hauralumbard,twitter
nightbreedzz123,twitter
magalylavozdoro,twitter
bad__13,twitter
jakitkat7,twitter
joanaasalomee,twitter
alguera,twitter
ayyotrey,twitter
swirl_ac,twitter
gzmn9415,twitter
_javaloy,twitter
playerbooy,twitter
theohuxxx,twitter
monster1234579,twitter
1023tess,twitter
belle214,twitter
aurelien_dupuy,twitter
m3adrid,twitter
maidensantaana,twitter
rafaelventura,twitter
ok__karina,twitter
jasmineg95,twitter
rossah_106,twitter
abdullahkayan10,twitter
mayak_thekayak,twitter
leilaawad845,twitter
alexisalba10,twitter
odalisgcruz,twitter
bantolasyn,twitter
_tanyaalam,twitter
lizethsalma,twitter
christianajon3s,twitter
xoxoalysababe,twitter
troptastic_,twitter
mochilord,twitter
missalyssarod,twitter
gomezrosana2,twitter
ummonicaa,twitter
eldiegogarzon,twitter
missbrendalopez,twitter
jiminxgot7,twitter
portillo091,twitter
danscreech,twitter
kissabuttt,twitter
qweenlindsey,twitter
frozenstupid,twitter
real_nigga_nik,twitter
gilbert719,twitter
otaykrys,twitter
yovanicastillo8,twitter
frvrfangirl01,twitter
summeroid,twitter
ramsestmagnum,twitter
pokerhontaz,twitter
crystaldelamora,twitter
averagesadiee,twitter
nostopnjd,twitter
david_perez13,twitter
m90026,twitter
paulaanbrez,twitter
andyp_77,twitter
gqman24,twitter
just_me_ot,twitter
jaimitogomez,twitter
teawest36,twitter
carolvgap,twitter
daryanguzman,twitter
kaepernick717,twitter
mromero2598,twitter
larry_m_photo,twitter
chosencode,twitter
_kich0,twitter
meentae_,twitter
louislhr2,twitter
magaorozco,twitter
viera_fitness,twitter
elkingpedro,twitter
juniordavila27,twitter
m050711,twitter
jamesrvaladez,twitter
pacolalife,twitter
nohomma,twitter
row_drigo,twitter
mayagee123,twitter
b_jorge2,twitter
jbrnaus,twitter
valvyfranco,twitter
heyaleksandra,twitter
gersonatorrr,twitter
jorgesamy,twitter
krenteria79,twitter
pimpargentina,twitter
sakura_sakura1,twitter
calumni08,twitter
ejorge85,twitter
soylasultana,twitter
patgee59,twitter
jocee_33,twitter
blehiris,twitter
deharo90,twitter
marchnoda,twitter
edwizzler,twitter
senior_migz,twitter
anthraxsyntax,twitter
sstarlightt_,twitter
shelcleo,twitter
katt2290,twitter
riddled_reverie,twitter
1directionshan,twitter
jim_freedom,twitter
yvettevilla2014,twitter
sevajot,twitter
kudayta626,twitter
pinksissygurl,twitter
doormanca,twitter
zunigalynnette,twitter
pessimisticmuse,twitter