poeversado,twitter
juanpabloraba,twitter
nacion_espn,twitter
kennyhamilton,twitter
0l1l2,twitter
mauriciosports,twitter
maggielindemann,twitter
realgdt,twitter
rubengluengas,twitter
johntarnoff,twitter
varietylatino,twitter
abogadalatina,twitter
mylastbite,twitter
exuiansis,twitter
mamicv,twitter
mgabrieladfc,twitter
cesarmillan,twitter
marcoregil,twitter
marthahigareda,twitter
ibizzlesns,twitter
elmayimbe,twitter
elshowdepiolin,twitter
xlnb,twitter
aaronmsanchez,twitter
devincf,twitter
isaisilvan,twitter
kairyssdal,twitter
moreno,twitter
dorotha_bulloch,twitter
awardsdaily,twitter
vivianfabiolav,twitter
vidaysalud,twitter
latsondheimer,twitter
officialdannyt,twitter
mrndar,twitter
nodqdotcom,twitter
mendesxthevamps,twitter
news_jsc,twitter
kdeleon,twitter
fatilatuti,twitter
armanwalker,twitter
shanemosley_,twitter
mayhemstudios,twitter
groditi,twitter
hxrrycouldfly,twitter
stevezaragoza,twitter
purplehayz,twitter
martinaoprey,twitter
soyjuanalberto,twitter
paquingonzalez6,twitter
eduardoamusica,twitter
securityjobcent,twitter
bbcjamescook,twitter
italy08pinto,twitter
galacticasitrep,twitter
goldenmax,twitter
profdauber,twitter
wnavidad,twitter
shalim,twitter
mtsarabia,twitter
maitesonriela,twitter
maliachigh,twitter
danielponcedel1,twitter
getthesack,twitter
freakoutav,twitter
losangelessrh,twitter
iammatthewsbabe,twitter
carlaortizo,twitter
mboyvecepio,twitter
kenbutlerworld_,twitter
ftshenamas,twitter
briteandbubbly,twitter
saidgarciasolis,twitter
brios82,twitter
webjournalist,twitter
violeta_martin,twitter
youaremydream20,twitter
zftwarning,twitter
quinton_harris,twitter
ariana_poma,twitter
irenemariex,twitter
ayeprinceofpop,twitter
fla_12,twitter
lnz_hl1d,twitter
karla_nayelii,twitter
londerswonders,twitter
iberiasadp,twitter
afshineemrani,twitter
johnvignocchi,twitter
nalip_org,twitter
rashel09,twitter
sinoricemoss,twitter
o_minimina_o,twitter
m_giacchino,twitter
loliypops,twitter
gayledonner1,twitter
girlalmigthyxx,twitter
ms_msmarshas,twitter
sidneyjoles,twitter
ricknajera,twitter
alex_wiley,twitter
baeorgasm,twitter
copitola,twitter
amyswagjb,twitter
jennanncrosby,twitter
hancelpacheco,twitter
aracelybeniitez,twitter
vdelrosal,twitter
tacosnotwar,twitter
elmursouza,twitter
aslongaswift,twitter
mikeelchingon,twitter
pauloqoficial,twitter
jairodriguez,twitter
always_zquad,twitter
checknouis,twitter
_ashlienazario,twitter
brianvibberts,twitter
whenscottfails,twitter
ibieberflight,twitter
hugogue35281141,twitter
thomasb00001,twitter
erbp98,twitter
jillarrington,twitter
futbolintellect,twitter
stockholmxliam,twitter
danysalinas3,twitter
aldholiscious,twitter
mcastimovies,twitter
notreamitielove,twitter
dreamvillenyc,twitter
cathy_mescher,twitter
charmwitch,twitter
valentinokhan,twitter
netoz86,twitter
helikerih,twitter
abc7alysha,twitter
cristela9,twitter
smalllinux,twitter
jorgeghp,twitter
gusjournalist,twitter
amy_geek,twitter
sarakwon_,twitter
valen_romeo,twitter
theerealgrizzly,twitter
familydocwonk,twitter
eldiscipulos,twitter
marvel_dccomic,twitter
lizbethgzz9,twitter
dubouchet,twitter
soga_4ever,twitter
sblackmoore,twitter
shelbygrad,twitter
kwinnyk,twitter
ultrafh169,twitter
pepelakers,twitter
byvirux,twitter
ryaninthedisco,twitter
claudia_botero,twitter
korinalopezldb,twitter
dr_alarcon,twitter
afmusica1,twitter
rxrxcz_,twitter
ryan__hyman,twitter
lu_bieber22,twitter
obriensxlena,twitter
grierniall,twitter
kurtzierlein,twitter
mizmeliz,twitter
justenbieberf,twitter
jenny_sharon22,twitter
stefanabramiann,twitter
traviesa928,twitter
karinasanz_,twitter
kellerwortham,twitter
anagabilewis,twitter
orianany,twitter
angiedgk,twitter
lanonprofit,twitter
immharvic,twitter
hsfbamerica,twitter
paoalin,twitter
christianmejia,twitter
makeupshayla,twitter
josemhm_,twitter
mirandycosgrove,twitter
duniaelvir,twitter
yaani_shawty,twitter
alexxlo_wrg,twitter
patrioticgeek,twitter
pilarmarrero,twitter
1dmylife691313,twitter
daisypareded,twitter
cmackjr88,twitter
jlwoj,twitter
bellemve,twitter
myhopehazz,twitter
victoranderss,twitter
pintolakers,twitter
princesssaftbh,twitter
normaribeiro,twitter
analoveequals,twitter
regal_hado,twitter
magconftrubius,twitter
javiereleness,twitter
andrewbermudez,twitter
djfrankieee,twitter
sooydrew_,twitter
sergio_9418,twitter
thesweet_munk,twitter
mariannesauvage,twitter
123simulation,twitter
eric_analytics,twitter
ysaacalvarez,twitter
ardensboobs,twitter
kinkysissyfags,twitter
violence_fsw,twitter
amymagcon1d,twitter
carlazaplana,twitter
_sirhampton_,twitter
kilameri1,twitter
theycallmeeone,twitter
moree5sos,twitter
rawfuninlajoe,twitter
_babytina,twitter
artfuldetective,twitter
skateboardfaze,twitter
findme5sos,twitter
oliverofruford,twitter
arisofireimers_,twitter
luizantonio105,twitter
andrea1328,twitter
biebersarianas,twitter
ricasaceda,twitter
alvareza9,twitter
sparklinglala,twitter
beyourself__sg,twitter
_mars_la,twitter
laflowers,twitter
ryanrosenblatt,twitter
markkos1508,twitter
del_backspace,twitter
bizzllauhl,twitter
fuckbizzle_,twitter
reinagiselle,twitter
thenyorkerstyle,twitter
benjaminjs,twitter
umshipper,twitter
tuiteritow,twitter
theamitie,twitter
hildasolis,twitter
abiiangel24,twitter
williammungall,twitter
mssauceda,twitter
mar_e_o17,twitter
eveibars,twitter
morgianezairyr,twitter
sublawley,twitter
roman8008avalos,twitter
ahsspain_blog,twitter
haniyahsalma,twitter
prof_mpastor,twitter
nipuranicasta,twitter
adjps,twitter
kroqkom,twitter
ale0perez,twitter
doctorsotelo,twitter
quirkyjerk,twitter
10aleks,twitter
sameooldlove,twitter
sherrygideons,twitter
ogabel,twitter
barbystylinson,twitter
brandon_bird,twitter
acthepd,twitter
jessiherrera76,twitter
cristinalomba14,twitter
michael_ludwig,twitter
ashtonbingham,twitter
divineperez1,twitter
youtubes_top,twitter
markeortega,twitter
korozcot48,twitter
1dtakenstyles,twitter
bgallo,twitter
chinomathers,twitter
honti_,twitter
alexhorandeel,twitter
sarahihorans,twitter
rriverosm,twitter
mattmalvado,twitter
moveslikesg,twitter
alexamedina46,twitter
kyliejennerltna,twitter
_eniledam_,twitter
sanchezk9_,twitter
antotegli,twitter
cuddlemecloudy,twitter
mackabiviper42,twitter
carmenc108,twitter
matthjourno,twitter
jhonnyledger,twitter
kevinbhernandez,twitter
jacobstuart20,twitter
jerandibieber,twitter
zarryorgasm,twitter
andrea_manea,twitter
drewismydaddy,twitter
chichartodelena,twitter
maggyta_sv,twitter
jrubioo,twitter
annakosmonaut,twitter
axelmaciel2,twitter
lacollisbutera,twitter
fer13martinez,twitter
macarenafw,twitter
monster_bri,twitter
thestyiesempire,twitter
elviscastillo,twitter
jorgeamondaca,twitter
soalexgoes,twitter
eddieonfox,twitter
juanfernettt,twitter
crunkboy713,twitter
noivadocal,twitter
yvonnecarrasco,twitter
cesarcortez07,twitter
elejucatecam,twitter
americonsumer,twitter
deggowaffles,twitter
dinarodriguez34,twitter
feede_rosales,twitter
fansjaimemayol,twitter
lmysmileisfor1d,twitter
julianahansen,twitter
peterapeel,twitter
mmartinezcnn,twitter
olivasdan,twitter
justinfollwme,twitter
ariel_dianzon,twitter
jusinoboy,twitter
axcarpenter8,twitter
savannah_posh,twitter
nuestragenteca,twitter
blancaisela_a,twitter
georgeruiz,twitter
julietbieb,twitter
hosnevergetcold,twitter
juansvas,twitter
evelynesperanz4,twitter
ashleyalvarado,twitter
sportxperts,twitter
unacastrosa,twitter
amanecer408,twitter
luispatinolax,twitter
sugarbeardaddy,twitter
marinbieber22,twitter
adrianarozario,twitter
h4rry4ngel,twitter
mariablasco08,twitter
patomomo_95,twitter
yosoy_caro,twitter
karladiaza98,twitter
hsilvamusic,twitter
ninabgonzales,twitter
xidontlove,twitter
elmaleanteoc,twitter
feralferez1d,twitter
onelovebelieve,twitter
joshacagan,twitter
emilioflogom,twitter
raulcampos,twitter
valenblo,twitter
elisatorres06,twitter
bryanrocruzazul,twitter
palermo_w,twitter
slywilkinson,twitter
fscavo,twitter
jviesca111,twitter
alexisisbestest,twitter
expresiiv0,twitter
mikeaveli2682,twitter
dedoritas17,twitter
stefany20028,twitter
adri16,twitter
bishopleonardo,twitter
ayeeitschelsiee,twitter
chiefvillegas,twitter
cuevasbrenda123,twitter
romidefrias,twitter
alexgelhar,twitter
jnessafuentes,twitter
vanewoots,twitter
_artillery_,twitter
i_amcalifornia,twitter
americaniife,twitter
joakomirasol,twitter
sickle_claw,twitter
elevatelaura,twitter
marisolmolina1,twitter
emma_282_,twitter
elpalotedeharry,twitter
juliolovehewitt,twitter
jjavierpalomo,twitter
mamitamala,twitter
carrieksada,twitter
victoria_infant,twitter
matttakemeaway,twitter
ferennx,twitter
oned_promise,twitter
1zackaryarthur,twitter
tym2g3thi,twitter
edwinrosa19,twitter
xoxominna,twitter
mariabustillos,twitter
reyalfashion,twitter
saragrissel,twitter
jamiefishback,twitter
victerr,twitter
erma_simms,twitter
nickysilv,twitter
_tyblackburn,twitter
alej_s96,twitter
marilynesc10,twitter
yajaira2310,twitter
cosmiclaurel,twitter
brianscully,twitter
jennyyangtv,twitter
lucykrisss,twitter
pastaversaucy,twitter
dannyreallife,twitter
carolinavear,twitter
mrsof_mee,twitter
abigailbieber04,twitter
jodyavallejo,twitter
ch1k1llo,twitter
frank_martin73,twitter
7cristianrivero,twitter
datuois,twitter
mybieberonly,twitter
ramirezhectorm,twitter
daniellem0nster,twitter
fakedobieber,twitter
justamarax,twitter
queenfortwitah,twitter
reyescamx,twitter
myanimewaifu,twitter
mariaehiggins,twitter
jacobosimon,twitter
aliuskahs,twitter
mariocsalgado,twitter
rolandonichols,twitter
braderunna,twitter
ti3rrv_,twitter
chicasbalbistas,twitter
hollahoolianna,twitter
ka_shariff,twitter
santosbooking,twitter
nugiect,twitter
carlos_d_davis,twitter
lorenaasaanchez,twitter
andreatrejo1d,twitter
sofeeeuhhh_,twitter
ginaruiz,twitter
victorvallejo,twitter
teredelgado,twitter
lvparkman,twitter
bnowalk,twitter
harriyi_styles,twitter
drmonicaquezada,twitter
nickyybear_,twitter
christian555,twitter
boysinbandz,twitter
jocelyndomin,twitter
avocadoisgod,twitter
coasterrolle,twitter
lorranblanco,twitter
yvngsmba,twitter
tokiohotelesp,twitter
anjunarobbert,twitter
mariorod767,twitter
anahihf12,twitter
allisonarjent,twitter
agnnesa,twitter
_cynthia5sos_,twitter
caarlavillamor,twitter
becauserachel,twitter
tuan_bxg,twitter
melialegre_lh,twitter
gloriajromero,twitter
anthon1one,twitter
sheylam_04,twitter
castnurse,twitter
leaist30,twitter
arianag_please,twitter
paolacelin,twitter
jamesmasl0w,twitter
kat_sky,twitter
lucyhalefanpage,twitter
myanotherchance,twitter
hernamesrachel,twitter
ximena_miami,twitter
jb_legit,twitter
andrewdodo16,twitter
needcollegehelp,twitter
brigiitev,twitter
mrsalperez,twitter
halewilk,twitter
zarategimena,twitter
edusierram,twitter
thechrisglass,twitter
wakeupdhamar,twitter
blvcksizzlr,twitter
mandybu,twitter
delaksaforever,twitter
nachoasttudillo,twitter
lanamanaii,twitter
jmacdakid,twitter
sofia_treviohs,twitter
melissa_dell,twitter
plushanpis,twitter
covington__,twitter
mariaguerra76,twitter
rodrigosalem,twitter
rosyblue,twitter
misaaeel23,twitter
nonchalantnell,twitter
maddybr1,twitter
loreebarreiro,twitter
socorroojeda,twitter
wendycortiz,twitter
ekilora,twitter
info_pacifica,twitter
mrjsykes,twitter
aionsogarcia,twitter
ikonmonstax,twitter
ehisbrengo,twitter
lablossom7,twitter
drawmedownyhea,twitter
davidhr4_2,twitter
danielaarceo133,twitter
iselvarajmudali,twitter
lenoirauteur,twitter
quintero_areli,twitter
hollablackgirl,twitter
stevenferazo,twitter
fannyveliz,twitter
wizzydizzymite,twitter
sramilka,twitter
xkeanamarie,twitter
edgalvez,twitter
marilocosta,twitter
lunark1tten,twitter
blindedbyjustin,twitter
pisajenners,twitter
marlob59,twitter
illiam_william,twitter
akzillas,twitter
danielleromero_,twitter
valenngorriz,twitter
hylandshealth,twitter
jchurt2,twitter
gregsantos,twitter
yesi8123,twitter
victor_hugo_gp1,twitter
original_mayra,twitter
jdharley23,twitter
sponhav,twitter
morajare,twitter
jayxkills,twitter
fatimainthecut,twitter
daniel13_c,twitter
queen_shawty69,twitter
onetokenblack,twitter
mitodtz,twitter
iamphxx,twitter
dismaldun,twitter
mongeliliana,twitter
leotwittah,twitter
sofidovico,twitter
isabelkcc,twitter
miyeilisais,twitter
_luislozano_,twitter
marielenanilc,twitter
iamjuca,twitter
itsdayana1738,twitter
lovely_vanesa,twitter
fuckyourfetus,twitter
melendezsports,twitter
milesgastonv,twitter
visualfuls,twitter
jazgravano,twitter
alexdjade6,twitter
henrybarajas,twitter
noemialejandra_,twitter
cristianbedoyac,twitter
darling_childe,twitter
iluvlibraries,twitter
laaccounting,twitter
laranchera967,twitter
egpnews,twitter
l0velenaaa,twitter
delinquent_toni,twitter
jorgede36371120,twitter
grandeftdolan1d,twitter
carlosgarod,twitter
reflex76,twitter
whooscm,twitter
itsnataliestarr,twitter
srabiieber69,twitter
marycummins1,twitter
aldrinfarfan,twitter
jlmadridfederer,twitter
jrvilla,twitter
thispartysover,twitter
sofakingradio,twitter
therealjerryh,twitter
tonior0cks,twitter
jaaychanel,twitter
arodliddo,twitter
grumpylilshit,twitter
cynthialemus7,twitter
angelmoses111,twitter
ronzepor,twitter
amandajasmin_,twitter
derickarmijo,twitter
swiftbiebsdiana,twitter
victorve97,twitter
anaa_bannana,twitter
margarethroyce,twitter
arturom614,twitter
ashleyyiyin,twitter
pumbaaguy1,twitter
sebaa_cjs,twitter
gladys_aguiniga,twitter
la_cancion,twitter
dulcesgirl,twitter
lucasvidalmusic,twitter
drugsnash,twitter
j_a_c_k_y_1_3,twitter
gloriousbagel,twitter
moenica28,twitter
marioacobian,twitter
teodiazzz,twitter
rosnerpub,twitter
gmrxiii,twitter
oliv3spence,twitter
bitchinvega,twitter
selaznoge,twitter
stefcardenass,twitter
debs_dleon,twitter
valejaramillo25,twitter
jethang,twitter
pgfederico,twitter
thevampsjon,twitter
seashellbabe,twitter
lexilokes,twitter
miworld11,twitter
gisellealvarezs,twitter
_aakise_,twitter
cheleguanaco,twitter
nadiralias,twitter
mariarastaluv,twitter
andresdajil,twitter
jvvblog,twitter
laengineering,twitter
nikolehoran_,twitter
adriandelgg,twitter
fattysel,twitter
enriquebugs,twitter
lauraxotg,twitter
yeahfersher,twitter
mariaalomeli,twitter
nicoolegee,twitter
perry_gaher,twitter
wtfuckcam,twitter
theetrojanman,twitter
kragenkz,twitter
dee2pink,twitter
amycwest,twitter
jacqueortiz_,twitter
juanlagos97,twitter
jackycachotv,twitter
topsjauregui,twitter
martineh14,twitter
ruxyeu,twitter
josseeegarciaa,twitter
gaybiden,twitter
notorious_nava,twitter
astr0delta_,twitter
unzueta,twitter
latinosportsguy,twitter
martiromero3112,twitter
raulativity,twitter
stef_bremer,twitter
ramiroportero01,twitter
xian_d_paredes,twitter
closetcaseroman,twitter
yennynun,twitter
lexiebieber1,twitter
firelightafi,twitter
cristiaan_00,twitter
hildamariavac,twitter
ant310,twitter
_karenalu,twitter
tomassammiller,twitter
xs26zx,twitter
kiang_ho,twitter
itswhoyouare,twitter
minnie69barbosa,twitter
joyce_tyler,twitter
elio__martinez,twitter
godlovezuglyz,twitter
b2bmkt,twitter
xonmywaytohellx,twitter
pimenov_lia,twitter
sabricastiglia,twitter
annaisvalencia,twitter
galacticla,twitter
alblacks_,twitter
cookielangas,twitter
jorgeg2888,twitter
sayramoran,twitter
sofii_candia_,twitter
xerikamichelle,twitter
sairalexa,twitter
chezrepublic,twitter
annettesintia,twitter
leslyarevalo_,twitter
theangryyogini,twitter
chloeanatiablac,twitter
tiniv,twitter
unclenappy,twitter
toxiclexiee,twitter
robertboiii,twitter
careersandcolas,twitter
fortheloveofcab,twitter
_jessica90,twitter
famedinah,twitter
caseydonahue,twitter
_thaniggasteveo,twitter
cmmontes2,twitter
carlosploganh,twitter
ivanxrosales,twitter
misguidedgirl_,twitter
anntocaballero,twitter
myrrrrriam,twitter
andy0504horan,twitter
jaisuazo,twitter
hemm_xx,twitter
purposeada,twitter
levimira,twitter
colincostello10,twitter
bryantheg0at,twitter
76gibson2010,twitter
groovyyvette,twitter
kelseyannee_,twitter
dodgersel28,twitter
natasinmontar,twitter
ericcamposr,twitter
essienfrank,twitter
cajmz,twitter
olmosdogyt,twitter
ciannadipuma,twitter
reyesdearranque,twitter
otrachicadelmar,twitter
chespinqui,twitter
cynthinee,twitter
ohitzell,twitter
sofiivillagran1,twitter
ilovelatag,twitter
berebraithwaite,twitter
iirisdianna,twitter
alazmusic,twitter
laura_mmc,twitter
lovestereo,twitter
manuhortega9,twitter
carlosprizzi,twitter
johnxlibris,twitter
scotty_brown,twitter
skoolyt24,twitter
karijimenez018,twitter
indiefindsla,twitter
rodaserrano,twitter
xjulianajanayla,twitter
hustlingseries,twitter
rayannekarinny,twitter
kid_qii,twitter
alacran1558,twitter
abrahamlami,twitter
ahmadchildress,twitter
emmachoussy,twitter
wickedwilkinson,twitter
gladiceee,twitter
il_mono,twitter
cbstrouse,twitter
jennyfer_zuleta,twitter
montserratce,twitter
albertobnahj,twitter
azrasyzyh,twitter
9630673d9a8e428,twitter
andriaasmiless,twitter
candragmedinah,twitter
duti83,twitter
_iara_soto_,twitter
reylinspears,twitter
sirechi,twitter
fregosomelissa,twitter
zaul_chavez,twitter
ariannaortiz,twitter
jobslosangeles3,twitter
senormcm39,twitter
pandalindemann,twitter
mariamlokita,twitter
iamsheajenkins,twitter
love_thy_nature,twitter
xixg,twitter
angelmcastillo,twitter
salwahazmalxoxo,twitter
velascodenise_,twitter
gigihadidn,twitter
cjtorres7,twitter
alikk21_,twitter
adora2000,twitter
eel_gaboo,twitter
jasonesquivel,twitter
denisseayend,twitter
luisalbertoqh,twitter
mayasugarman,twitter
krissbruhh,twitter
jhonaikerj,twitter
mirianguerrero3,twitter
erikvsantos90,twitter
trapia808,twitter
jonalexsilva,twitter
itsjenjenm,twitter
quinnfabraydsb,twitter
saammyym,twitter
alfie74,twitter
_karlakassie,twitter
playerbooy,twitter
unaimi,twitter
ari_rivas17,twitter
harryselacometw,twitter
rubenaviles93,twitter
remy0463,twitter
serxzu,twitter
joaquinperles,twitter
cornejoruben,twitter
lolapuntocom,twitter
mdmgv13,twitter
gnoccofritto,twitter
jonathanochoa94,twitter
ardaniel,twitter
garzonkinoeye13,twitter
jlbenavides,twitter
lohoho_,twitter
nicababess,twitter
leamagcon7,twitter
alexinanaheim,twitter
aylenxlucila,twitter
eduardocuetara,twitter
haleaqui,twitter
yoshi_smiless,twitter
justarcticxx,twitter
sawyerisanangel,twitter
wimllydanslarue,twitter
luis_tweety7,twitter
_tonight_alive_,twitter
danielaantt,twitter
schoolboyandre,twitter
votegutierrez,twitter
babygirlvall,twitter
amcynic,twitter
ginimartinez,twitter
pelapatatelarry,twitter
drew2g,twitter
monteroonboxing,twitter
elregimenmusic,twitter
rheanamarieee,twitter
cmoretzclub,twitter
ttonatzinee,twitter
thechris96,twitter
gangsteroflove_,twitter
msjesmeza,twitter
horizonkarisma,twitter
luzzlefran,twitter
oyeezesoyyo,twitter
carolina2macias,twitter
scubajane15,twitter
laurbits,twitter
hectorcopca,twitter
jonathanippoli1,twitter
xiomarahuaman,twitter
loueezus,twitter
tombraider75,twitter
dianac143diana,twitter
_discodevil,twitter
kevinagudelo99,twitter
perxta,twitter
aylinfdez200,twitter
imsqueemer,twitter
missmariemack,twitter
magui_jost,twitter
_bellatorne,twitter
joshrevival_,twitter
eimylpz,twitter
harryedstyles22,twitter
idanxo,twitter
leonard02534516,twitter
ortiiz_17,twitter
itskemedaiwa_,twitter
flakceci,twitter
lovelynidia_,twitter
dr_eidan,twitter
freakincaro,twitter
310socal,twitter
mblanguage,twitter
mynameisbrubs,twitter
elle_lo,twitter
iffahmingle,twitter
handstotaylena,twitter
arismyaesthetic,twitter
wayneduece__,twitter
its_showtime36,twitter
thematthewqueen,twitter
fyl_helloer_guy,twitter
_hasleeey,twitter
selenatorup,twitter
sergioarroyo_88,twitter
srsuperego,twitter
paynelessly,twitter
julia_taylena,twitter
thisisriehlryan,twitter
gcaesar24,twitter
dido_king_28,twitter
_jorgeexochoa,twitter
agripinagermani,twitter
coach_giron,twitter
r5rachael,twitter
stefani2063,twitter
bruh_its_briann,twitter
cristinamaganaf,twitter
therealmassiel,twitter
ileanamurillo50,twitter
burnedsaimon,twitter
julian118,twitter
pooladear,twitter
chedelaspampas,twitter
deongriffin,twitter
robertocr1,twitter
dilabar,twitter
genesisvalle_,twitter
rudyguey,twitter
carlossa30,twitter
ashleysoltero17,twitter
iamoscartrejo,twitter
maxcaulfielld,twitter
sissi_delorys,twitter
natmayavelli,twitter
efernandezamora,twitter
leeeetty_,twitter
bay_of_puigs,twitter
ichurroo,twitter
moneyshotronny,twitter
_makkonen_,twitter
droozzzey,twitter
eriixkk20,twitter
gailrosenthal,twitter
lexexclusives,twitter
miafoxxchasekox,twitter
danny_demented,twitter
gustavoatwod,twitter
nicole_cb,twitter
aillene2,twitter
izquierdofioree,twitter
larrahdjs,twitter
theplayeerz,twitter
h_david_g,twitter
karen22ibarra,twitter
fuckchillax,twitter
camilaguillen15,twitter
hail_lucius,twitter
itsjroxx,twitter
ijmolder,twitter
gatogoleador,twitter
redeyedtreefro,twitter
marianitos01,twitter
versaceuli,twitter
dafnecruz501,twitter
gresire,twitter
genuinemitzi,twitter
ramirorubiooffc,twitter
storyworthy,twitter
morgan__sound,twitter
teresaledesma,twitter
eliaalvarez2233,twitter
aprilnineth,twitter
zulmaleficient,twitter
wilson_martin11,twitter
mrshasta,twitter
__foreverkc,twitter
sergiosalizq,twitter
_rosaalindaaa,twitter
wyattpls_,twitter
arlettegaribay,twitter
steviebro_23,twitter
stephanieleon98,twitter
eortega888,twitter
imadmatar,twitter
shadowneon10,twitter
caguirre94,twitter
pabloliebanana,twitter
xxmartin5xx,twitter
_taliaaaah,twitter
carolsouvlaki,twitter
byronbnva,twitter
bd23s_,twitter
lizschmidte,twitter
kimbourlee,twitter
miriam__rueda,twitter
alexmcmagic,twitter
coolstoryliz,twitter
aliciaagibert,twitter
xoxo_yadany,twitter
gabhohuerta,twitter
alexisorteasy,twitter
borntobeasith,twitter
msanagrande,twitter
dangeroscar,twitter
_prodigy714_,twitter
melaniedoblas_,twitter
pullsandli89,twitter
marielam_13,twitter
ozzy_alonzo1,twitter
ml_5,twitter
ashroszak,twitter
5secsof_1975,twitter
wincovalvular,twitter
miikalala,twitter
dearestmarylu,twitter
nikeshawn,twitter
kervysdamian,twitter
geminigypsyy,twitter
cynthiadmendoza,twitter
_vlexg,twitter
ceelove13,twitter
hersheeyss,twitter
elleflowrs,twitter
sweetheartelle,twitter
brittneymarquez,twitter
martaredo12,twitter
rosa_torralba,twitter
andrewjperez,twitter
danir5_rauratic,twitter
makeart12,twitter
millyrodriguezz,twitter
chinorad_,twitter
jules_17blackth,twitter
mrscarpenter4ev,twitter
carillohoracio,twitter
steph_corona,twitter
chilacallote,twitter
freyarojo,twitter
_deebbyyy,twitter
melrosaa,twitter
the3collective,twitter
dfgbiebers,twitter
legorreta_edson,twitter
brenndaa_n,twitter
wr3cksauce,twitter
heyittsdreah,twitter
guillembelloc,twitter
aeyliasl,twitter
andrea_zak,twitter
alevictoria13,twitter
realalexmeneses,twitter
ashley_tommo13,twitter
aljndxx,twitter
callmeheidiii,twitter
jbsmjle,twitter
gerardotheactor,twitter
javi19iverson,twitter
gvissore,twitter
meowriko,twitter
geez_jess,twitter
oscardinho_10,twitter
sg_lauraa,twitter
authorabilene,twitter
balvinap,twitter
sailor_mo0n,twitter
pomonaunified,twitter
rotuafebry_,twitter
vianneyhoran_,twitter
_candelozana,twitter
thedjmichaelj,twitter
donfeliperifo,twitter
chef_rogerx,twitter
_dallasfthoran,twitter
ginagemeni,twitter
efuture8,twitter
gerardomorenomd,twitter
dannie__xo,twitter
sincerlytristi,twitter
epsilon_genre,twitter
imprisonedcth,twitter
darnhipsters,twitter
mahone_rivera74,twitter
itsdatnunu,twitter
astridstars,twitter
elizabeth_cruz9,twitter
stephanienlerma,twitter
rubydesirae,twitter
yungcy__,twitter
bo_xe_li,twitter
selenaelizabet5,twitter
claudia51015,twitter
catalagunas,twitter
sademptystown,twitter
xdracco,twitter
xpdcsv,twitter
hxrryismyxngel,twitter
ivancn_97,twitter
frankgarcia_17,twitter
yourbloodlines,twitter
mssilviasantos,twitter
th3_st0rm,twitter
ferreyramaaxi,twitter
becamitchell_tm,twitter
andreitabuddy,twitter
micahoranxx,twitter
garciadiego769,twitter
beliber48008075,twitter
brenda_rivasg,twitter
gueroavila1,twitter
fdelcorral,twitter
river_tincho,twitter
almaadee,twitter
valkyrium,twitter
gosh3lp,twitter
lolalipsey,twitter
jedday_gump,twitter
marianatolozar,twitter
marissanbcla,twitter
carternaty,twitter
mariagongas,twitter
ohnonataliee,twitter
kuyachrispy,twitter
wonholyshit_x,twitter
213_9929,twitter
brentsgf98,twitter
katie_drozd,twitter
thedaniguerra,twitter
axeel_benz,twitter
teatoee,twitter
paarthyyy,twitter
alexiscuhz,twitter
stinaa_x,twitter
ivansphere,twitter
bbyquag,twitter
tiana_cuhh,twitter
giinna12,twitter
hanselliveonce,twitter
thesalazo,twitter
janeee_baby,twitter
neeko_keanu,twitter
atenea2,twitter
japonecaziada,twitter
montse_lynch,twitter
agus_visentin,twitter
alisoon_1d,twitter
mirizgs,twitter
superduperlv,twitter
dannassierra,twitter
maawwwie,twitter
heradite,twitter
stillfidel_,twitter
soto_dario,twitter
cguereca7,twitter
cmendoza_4,twitter
fiftyonedon,twitter
deliriousdaniel,twitter
hugoarenas,twitter
klauuvonm,twitter
itxly_,twitter
marissently,twitter
arianaamodel,twitter
royalpurple23,twitter
citla_19,twitter
bearlyknown,twitter
mr_monroe,twitter
lothar97,twitter
fvckyodarn,twitter
johaneth99,twitter
bmercedes94,twitter
locapor_nutella,twitter
hanzxd_,twitter
danieltorres042,twitter
swagedoutfoo,twitter
citlalli_lu,twitter
juanangellden,twitter
phattonez,twitter
ramirez_usmc,twitter
kingcyrussss,twitter
fucken_saul,twitter
lapaperboy,twitter
wyndapuspitaw,twitter
matisamanthaaa,twitter
erickaybarhub,twitter
sunflowerlunaa,twitter
aimsacit,twitter
lexissguerraa,twitter
janelletzep,twitter
faitels0n_espn,twitter
albertseoane,twitter
suzy_x_groovy,twitter
artbyriana,twitter
ninernikki,twitter
kimbooboo_,twitter
samilly_drew_94,twitter
jorgedanielruiz,twitter
lautaro04135787,twitter
melii_siframm,twitter
tanycar,twitter
aestheticgoals,twitter
hellomixhsays,twitter
elssab,twitter
ljfreites,twitter
mmacomic,twitter
mmichelleaamy,twitter
yessyluna_,twitter
joel_eisenberg,twitter
artcastro_gosc,twitter
tana2turnt,twitter
mrs_breaux,twitter
oxkidca,twitter
xrlvas,twitter
julianaabud_,twitter
jakesweetman,twitter
flakesll,twitter
chrnalngnlla,twitter
delmondjones,twitter
andriuomg,twitter
moraltruthy,twitter
heartdegold,twitter
guillermosf,twitter
mirenurtiaga,twitter
jocy_navarro,twitter
arianavrm,twitter
jardzx,twitter
auroralashini,twitter
_jbanks__,twitter
arianamichel_,twitter
brentmata,twitter
jmastaflash21,twitter
juav31,twitter
ernestxavier,twitter
gabbiux,twitter
claudydaudyy,twitter
mumphrey,twitter
terracino1,twitter
angelsanrosas,twitter
santicasta527,twitter
focusfactory,twitter
_aylin23,twitter
ernestooo_98,twitter
vered_dayana,twitter
thatbitchlily,twitter
erwin_j_molina,twitter
rnbw1,twitter
adrlopez,twitter
cubanmissiledh,twitter
itslauu_,twitter
jessadilla,twitter
jorge__loc,twitter
thamy9814,twitter
jean_ette23,twitter
christymjuarez,twitter
tess_mau1d,twitter
iamliyan00,twitter
mylovpaulmccart,twitter
edchatter,twitter
theverdini,twitter
javii86,twitter
ppparadaa,twitter
mrs_bob_denyb,twitter
niggalipsbrina,twitter
la_angels1,twitter
anthony_cas35,twitter
sugartitsraulie,twitter
jennvelez,twitter
jairoramos27,twitter
ht_luckybs,twitter
rociojazminsty1,twitter
cynxo_,twitter
prrlz,twitter
evelyn1d9,twitter
mandra_gora,twitter
susan_muffin,twitter
themusecrypt,twitter
yosoybonitah,twitter
nbajam64,twitter
delioaleon,twitter
thepolicegamer1,twitter
mile_escudero,twitter
madelaynecx,twitter
joshsant20,twitter
katysanchez813,twitter
ham_sandoval,twitter
_smokeeyy,twitter
angel_iglesias7,twitter
malagondiana37,twitter
tiburonblanco75,twitter
janetspanglre,twitter
fonziivicious,twitter
s1kdysf,twitter
eduardom,twitter
nenajasso14,twitter
jasonhohoho,twitter
spacekicker,twitter
tiinabustamante,twitter
ki_dana,twitter
gonzaloscrhcp,twitter
7_rayan360,twitter
cherie_amour,twitter
leeshknowsall,twitter
rosalesmichel,twitter
ithinkfuckthis,twitter
davethebraveee,twitter
adrianat24,twitter
camilahernala,twitter
vanessa_itsme,twitter
_meladork,twitter
sos_jeansb,twitter
horacio_villa_,twitter
xmmxxlvx,twitter
eduardogarciax,twitter
sergmc2,twitter
dobrevasyezir,twitter
agusspalacios,twitter
cindysdiscovery,twitter
abebaby805,twitter
castellanos_50,twitter
stonealchemist,twitter
yahairaag_,twitter
_lorenaeperez,twitter
ughxcx,twitter
jaguarsfan7,twitter
nahuelfabian_n,twitter
mally_alonso,twitter
saintsnlakers,twitter
babytdg,twitter
clarftweets,twitter
bizzle1sel,twitter
thefuxedos,twitter
gisellmendoza7,twitter
marianamescudi,twitter
pilaravila1119,twitter
thomcreed,twitter
juuaannes,twitter
martiliotti,twitter
2ep0l,twitter
bomb5_j,twitter
iamkennedylamar,twitter
jmmoralesla,twitter
matta96_,twitter
rad_jorge,twitter
nolii13,twitter
danielita_g_,twitter
iguzman14,twitter
am_alia_,twitter
sharonxpalacios,twitter
chinkyjz,twitter
bjor777yt,twitter
arturodelv,twitter
vonnestoker,twitter
jelenaslaughs,twitter
sergiodelator14,twitter
_vincifran_,twitter
eddygeeee,twitter
breensuca_12,twitter
miaaaagrayson,twitter
maikamadrid1,twitter
romannmontiel,twitter
britgirl15,twitter
dxniarisxa,twitter
alexiagoadjb,twitter
abraham929292,twitter
mica_peralta17,twitter
joecopro,twitter
jo_frias,twitter
follito10,twitter
randyehh,twitter
_thebang_,twitter
sammy_marroquin,twitter
jesserojass,twitter
slletgetsupport,twitter
princessainlove,twitter
kaisenrian,twitter
josevii14,twitter
maia_bl,twitter
canalesjulieth,twitter
baiotelitubbies,twitter
karinaa_ariass,twitter
amorettestyles,twitter
_stephgonzalez,twitter
xjustinftariana,twitter
tlally,twitter
eltriunfocorp,twitter
yvonnelmontoya,twitter
greer_erin,twitter
panchoriveraa_,twitter
julieaverbukh,twitter
daddydrew_1,twitter
cxv__,twitter
djmayhem,twitter
lene13ari,twitter
c3phoe,twitter
viramontes82,twitter
manda_cardenas2,twitter
_cheisanaima,twitter
chrismunoz__,twitter
guadalu15006108,twitter
drankkaminsky,twitter
1sadbitch,twitter
prosado,twitter
carlos_film,twitter
javier_kpe,twitter
marcplanb,twitter
ana_trouxa,twitter
marisolzelaya6,twitter
eridgnal,twitter
young_danny10,twitter
totooferretti,twitter
originalaurore,twitter
xitlalyfregoso,twitter
noelgonzalez87,twitter
jordynbassler,twitter
dopesuperhero,twitter
javgonz,twitter
moonpie1317,twitter
jduranfe1,twitter
35parza7,twitter
davin_singh,twitter
_dulceb,twitter
bellamazing17,twitter
usuariogeek,twitter
angeel562,twitter
efrainc95,twitter
http_paula,twitter
bsullivantwit,twitter
91louispowerful,twitter
sebastianmrls,twitter
b_cortezz,twitter
noahsebbe,twitter
ox_medina,twitter
davidartgar,twitter
kandyyyyyyyyy,twitter
jokedoggllg,twitter
artmartinez91,twitter
sammynickle,twitter
x_ae96,twitter
soyodalisdice,twitter
alexandratw24,twitter
nocopydenada_,twitter
imalmamarquez,twitter
stereostef,twitter
braianyfgo,twitter
yurinamelara,twitter
nicoleepetit,twitter
itsovalle,twitter
oscarecoy,twitter
bernnhk,twitter
arianebujanda,twitter
lovelydee0586,twitter
_nessboo,twitter
ccortave24,twitter
_rosario18,twitter
lizbet_cx,twitter
victorsgreshma,twitter
22_sig,twitter
mufcmaxwell,twitter
camier37hb,twitter
andreeaantohe,twitter
andreahidalgo_,twitter
natalssofia,twitter
adrianruvalca19,twitter
96quintilia,twitter
omgitslalo,twitter
mchipatecua,twitter
unpoetaironico,twitter
stimeyluv1,twitter
elsamz,twitter
tumblrgirlhb,twitter
jara_charly,twitter
mistaphill,twitter
paqito7flores,twitter
xjustinmagconx,twitter
botitas233,twitter
roselin_salgado,twitter
smhdes,twitter
barbymar32,twitter
asciaj,twitter
angeles_jamie,twitter
gabysoaresx,twitter
15margon,twitter
celiasanchez_s,twitter
simplytan24,twitter
tmj_lax_edu,twitter
miahern59,twitter
missvargas3,twitter
groovyrachel_,twitter
roxasora__,twitter
greengiantmc,twitter
garydaquan,twitter
djneltz,twitter
__pepxxx,twitter
dearargie,twitter
nessatweetsbio,twitter
jesusantoniovi,twitter
pasadenavic,twitter
erik_garcia24,twitter
lizjimenz,twitter
celineflores3,twitter
saga_darklight,twitter
portillo091,twitter
thelaplayboy,twitter
folsper,twitter
myra69l,twitter
friendalexa24,twitter
lewispartida,twitter
bernardovc31,twitter
cantidiamore,twitter
ben_dubtree,twitter
johadecarlo,twitter
awenuhtw,twitter
thomascontre,twitter
heyybibi,twitter
miss_jauregui21,twitter
sandri13sm,twitter
ronaldojoa7,twitter
prime_lili,twitter
stephaniefilo,twitter
rosanna34,twitter
larklara,twitter
komarudes,twitter
jadecruzquinn,twitter
pumpfrank,twitter
wolvemalik,twitter
aleisboring,twitter
row_drigo,twitter
julionumber9,twitter
jesus__gomez_,twitter
ashturcios,twitter
mitchy_fabian,twitter
asmuniz,twitter
babyface_valles,twitter
dannycarrizoza,twitter
alvaro__daniel,twitter
moodyscience,twitter
jayleenval,twitter
eugepiana,twitter
aaronbensoua,twitter
poligol21,twitter
fernandacejher,twitter
edgardomlm,twitter
ladygagacraze,twitter
j_ose18,twitter
barahonacarlo,twitter
pedrozaalan,twitter
brenditaibarraa,twitter
vvaldiv,twitter
courtneynmarsh,twitter
cris_hernandez,twitter
jazcarb31,twitter
gaallegooss,twitter
dxxvii96,twitter
yummiiex,twitter
andreslinanm,twitter
areellya,twitter
cesarmartinezx,twitter
joshpafchek,twitter
dburnsauthor23,twitter
jay_reeh,twitter
albertuzmz,twitter
kathiagcamargo,twitter
lovee_maryy,twitter
ernstreyes,twitter
tinogarcia,twitter
harryxiall05,twitter
julian_loza69,twitter
jantoniello,twitter
danihdez14,twitter
_amandacardenas,twitter
marcorhtp,twitter
sisiturcotte,twitter
frvrfangirl01,twitter
4valen6,twitter
rchrdclc,twitter
drrogersmith,twitter
missvaleryeej,twitter
alexaabelieber,twitter
yarab,twitter
vtcneeks,twitter
suzannavasquez,twitter
pguti2,twitter
xostellarmama,twitter
thewalkinggabby,twitter
rina__bee,twitter
henryda3hunnith,twitter
paulinesources,twitter
bloody_twinkies,twitter
markmuro2,twitter
5150wonderbread,twitter
pankesitom,twitter
vannesibrian,twitter
athegod,twitter
charlierodarte1,twitter
karengblovato,twitter
felipe29morales,twitter
fredoswifey1,twitter
fuckmyoldways,twitter
thelionsdilemma,twitter
sherdizzled,twitter
darkjotape,twitter
sleekstudioz,twitter
vivalaflor,twitter
larocky1103,twitter
____babyblue,twitter
carrot1dam,twitter
danielaacee,twitter
karimba_juarez,twitter
slxk_rick,twitter
tonny_ch,twitter
thatibra23,twitter
theconflictguru,twitter
vivalarafa_,twitter
hansluttmann,twitter
marielamadriz3,twitter
chrisssxc,twitter
oscariaebert,twitter
unaeyp,twitter
mariasabor_,twitter
javvxs,twitter
mariiooh,twitter
_fredyh,twitter
epantoja_18,twitter
lucasburguenio_,twitter
syahgirl,twitter
elguajetorres,twitter
blasianish,twitter
jessvna_,twitter
carinaa01,twitter
thevaleritorres,twitter
nikeair_kb,twitter
facurame,twitter
_ayolindaa,twitter
a_maloleyy,twitter
pacheco_btr,twitter
carrion_xcv,twitter
jasonsilva4,twitter
bello_fiamma,twitter
jayjay_lgnd,twitter
itserikahh,twitter
handsomeassmike,twitter
calecota,twitter
nochillchels_,twitter
ana_lorena_fan,twitter
thekid_rudaaaii,twitter
duartethecreatr,twitter
alexflores_11,twitter
war_surge,twitter
cjay116,twitter
denisseyvonnee,twitter
dannytorres95,twitter
djescobar23,twitter
krista67362,twitter
claferofficial,twitter
theseandavid,twitter
kidkidluis,twitter
lvdvbbs,twitter
crln96,twitter
skippedwords,twitter
ameriiica_,twitter
cristian_rl27,twitter
jedisk8r92,twitter
ramanthasivera,twitter
loudxlaugh,twitter
pinksissygurl,twitter
mr_eduardopena,twitter
rauldlemus,twitter
karlaavalera,twitter
mariahood98,twitter
angelcontrest,twitter
rfelixjr72,twitter
scvcg9293,twitter
r5ftjotaesse,twitter
_dianabiersack_,twitter
sofiicarp007,twitter
dirty_manolo,twitter
jessyboxer071,twitter
kcarrasco29,twitter
jayjaramillo,twitter
barloballinluna,twitter
noefrancosr3,twitter
isammiehhh,twitter
fandybvb,twitter
its_gommezz,twitter
badassbernal,twitter
deeechung,twitter
marcelloguillen,twitter
k_rikian,twitter
angietnews,twitter
jessieg87723014,twitter
alvarezz33,twitter
marnetinho83,twitter
azaleanmonchis,twitter
nighttroad,twitter
fabianeuresti,twitter
missandiedesign,twitter
nazaaconde,twitter
lil_nayeli,twitter
deuxcadenas,twitter
_xfatiimoruax_,twitter
diegoivan95,twitter
davaughn_r,twitter
redizzy2,twitter
c_mart5,twitter
rdthefirst,twitter
shipwrek_richie,twitter
carissazamoraa,twitter
josefranco_,twitter
low_rim,twitter
ndychavez,twitter
blackerney,twitter
fearleslie_,twitter
fans93272217,twitter
itsmariafuentes,twitter
okayyoandri,twitter
im_enagem,twitter
ar_cee,twitter
forever_grier_,twitter
sactvadan,twitter
berthaflores29,twitter
kingpaul98,twitter
erupton,twitter
josemufi,twitter
taylorcamacho_,twitter
johnnegron1,twitter
hiraymondarturo,twitter
p4stishita,twitter
tommy44vercetti,twitter
jamiibabby,twitter
sarahsanchezzz,twitter
_jeremy13,twitter
lautarovaldez00,twitter
ricgallegos,twitter
lufonsecha,twitter
clightmore,twitter
nothingonsaucy,twitter
almightydroogs,twitter
alondaltamirano,twitter
victorpanky,twitter
uchihamaggot,twitter
violencedemon,twitter
erikareynaonair,twitter
andre8moon,twitter
picochouza,twitter
_alexadanielle_,twitter
kevviinn___,twitter
sararamireztwet,twitter
m_gon14,twitter
ari_carrillo5,twitter
carly_fsh,twitter
__ericaortiz,twitter
lizzethmorgan,twitter
cristellez_5,twitter
ayyealberto__,twitter
sleeepyqt,twitter
shekelleija,twitter
jordannvincent,twitter
hripskiii,twitter
isaac_conchile,twitter
spellboundaida,twitter
mateus_simioni,twitter
nairodzevach,twitter
oscarkpit,twitter
cesa97,twitter
carleeneuman,twitter
kittyshesiare,twitter
yaxactun,twitter
kronzickronzic,twitter
cynthiadelmar,twitter
josefromshoes,twitter
gizzybam,twitter
michellehealyy,twitter
pauloacuna,twitter
potedecrema,twitter
ojeslavaa,twitter
lulibelvicente,twitter
itssmm___,twitter
andyroo520,twitter
empresariohisp,twitter
majia1,twitter
chelychela,twitter
jenisakewlkat,twitter
ferescartin1,twitter
vjhene,twitter
arishcortes,twitter
lupitaaa_h,twitter
raneenshehadeh,twitter
gee_y_lili,twitter
veronicaqm,twitter
7ernandot,twitter
pwgsdfan,twitter
dannvegaa,twitter
deejayziggy,twitter
speebles97,twitter
tumami_brendaa,twitter
usc_yamilet,twitter
robot__kitty,twitter
_ppattiki,twitter
ed_nolasco,twitter
madchild__,twitter
gabyburgara,twitter
ummiriam11,twitter
lorrie_reyes,twitter
nicninjaa,twitter
blaugranaboyy,twitter
jon_x_163squad,twitter
sophrosa,twitter
cravingtobieber,twitter
deeeebo__,twitter
paoladurankawa,twitter
alamolds,twitter
syifaulfauliaa,twitter
johnnyy420,twitter
atleticomuerte,twitter
juan_lokotelol,twitter
elemontero1,twitter
kherreraf001,twitter
jjosue0085,twitter
tselliott2,twitter
claudiogalvis,twitter
angelal04233155,twitter
caroborges2209,twitter
sarahnameless,twitter
ericbueno_21,twitter
xfernandoromero,twitter
j_gutierrez2430,twitter
rayhuizar5,twitter
pokej,twitter
bigev_,twitter
ashleeyaragon,twitter
nicoleortega20,twitter
psychotic_beast,twitter
aliriogarcia17,twitter
itsamemariox,twitter
myboysrdbest,twitter
brizky_vsquez,twitter
nochillluis,twitter
salazar_xm,twitter
yvette_sanchez,twitter
robo_jofis,twitter
brandon48641296,twitter
yungmatcha,twitter
thepaulantonio,twitter
st0ry_t3ll3r,twitter
da_manman_24,twitter
menacasillas,twitter
brauliomoretz,twitter
soulived,twitter
anafer_gv,twitter
td__wilson,twitter
itsoweezeee,twitter
jlcalderon08,twitter
uliieee2good,twitter
jplusr10,twitter
ddrdeeds,twitter
jjbubbl,twitter
citlalli_has_no,twitter
cortezreport,twitter
eddiejay88,twitter
joellersaguila1,twitter
groovysebs,twitter
georgevincentt,twitter
official_sexton,twitter
itsmenavil,twitter
stephaniefouad,twitter
theomarponce,twitter
polacogallano,twitter
nix_sm,twitter
lylarenne,twitter
gomezrosana2,twitter
aatifahmad786,twitter
dimna_,twitter
theg_94,twitter
holytoledo3,twitter
brianbp626,twitter
imiguelzavala,twitter
kaepernick717,twitter
aggejr10,twitter
valejacqui,twitter
meentae_,twitter
alisonnunez27,twitter
mustangmario,twitter
angel_reloadedd,twitter
jessicag324,twitter
danm4n,twitter
andrewcuhhh,twitter
asbtumor,twitter
ibhye,twitter
manewaall,twitter
jcruzcruz112,twitter
itswonderharley,twitter
paulavizcaino95,twitter
polobear69,twitter
hugo_vsolis,twitter
timmywestside,twitter
shadowblat,twitter
cesargmd,twitter
minadohanerjr,twitter
tininla,twitter
josephasoria,twitter
naaa_jelly,twitter
julianrochi789,twitter
littlematona,twitter
mydrawingtalent,twitter
jamsfrancotv,twitter
geehighway,twitter
greciaaranzazu,twitter
radnesssa,twitter
caylen_captures,twitter
_tfti_,twitter
caligirl81825,twitter
angelgalmich,twitter
thewalkingcris,twitter
andresabud,twitter
makelove35,twitter
monchorestrepo,twitter
jg_xxiii,twitter
roxanne_reeves1,twitter
young_jerry22,twitter
whatup90a,twitter
noemi_cardoso,twitter
onepear,twitter
vargas_iv,twitter
vincentpgarcia,twitter
t_dawgg698,twitter
based_miguel,twitter
elmermorfin3,twitter
parkingmaster,twitter
carlossobarzo10,twitter
bernardoruelas,twitter
tanya10898x,twitter
ravenswift412,twitter
luize_gm5,twitter
jonmartinez1_,twitter
pvillarmusica,twitter
ivaaaaann__,twitter
therealcalderon,twitter
elramiro10,twitter
atapia895,twitter
baby_kyu15,twitter
rosaisfab14,twitter
wendylandia83,twitter
eljubi10,twitter
shogonic,twitter
louissparada,twitter
juan_perales,twitter
mar_cooss,twitter
katieriv_,twitter
alex_6411,twitter
luissaborio,twitter
silverioangelo_,twitter
emmamiller97,twitter
trchavez41684,twitter
shannuts,twitter
pedroarocena,twitter
adriidomiingo,twitter
therealmariog14,twitter
mister_tint,twitter
thisjazzcat,twitter
sofymier,twitter
fonsecyami,twitter
_heyitskathy,twitter
raxielisnz,twitter
carlosgueyy,twitter
fernanboom,twitter
aadileon,twitter
rociooxob,twitter
gambeezysofresh,twitter
whoodat_,twitter
stacyyy24,twitter
mariiafito,twitter
_glupegarcia,twitter
maicol_t_,twitter
eyaguilar,twitter
inchiess,twitter
itscolferchris,twitter
nolangonz,twitter
guevaraner007,twitter
httplylacom,twitter
nicolamador14,twitter
lovingthevamps,twitter
lenobeatzzz,twitter
colocha820,twitter
becomeaprime,twitter
mxgara_sm,twitter
rauleschivas,twitter
therealricardo,twitter
danofdez,twitter
kokygonzalez,twitter
mostdopebrayan,twitter
mallorens,twitter
mrchuck05,twitter
johanaaesquivel,twitter
janaya241,twitter
kamalel14,twitter
instinto_oscuro,twitter
karly46,twitter
thatchickeunice,twitter
mellosanchesarn,twitter
jairova,twitter
atzrules29,twitter
ptvmely,twitter
roadtocrew,twitter
rochi_scaliseok,twitter
shels06,twitter
gonzlaez_sergio,twitter
timmy_twitsalot,twitter
estrada_ivan04,twitter
castro902,twitter
jgtepa,twitter
sarasofia36,twitter
brady_pm,twitter
just1nmyhero,twitter
pauletteroyce,twitter
ariitorres96,twitter
jesusmurillo,twitter
fredmontez,twitter
its_eli_50,twitter
amy_stalinalsky,twitter
marcelocandoit,twitter
smarroquin24,twitter
aaajose07,twitter
dannylockz,twitter
lobogris2012,twitter
mataflocka,twitter
famousadrie,twitter
dopeitsdonny,twitter
tomirivera,twitter
kl4xons,twitter
arielees,twitter
arthurbarranon,twitter
nerdlinda,twitter
rudy_camacho16,twitter
elmaikdumid,twitter
brandie_barrera,twitter
xdrixn18,twitter
pichy6fanys,twitter
giorugamas,twitter
javiixii,twitter
vianeygarciasz,twitter
carlita0917,twitter
maxtenzer20,twitter
alexso_sa,twitter
jeniimiranda15,twitter
monica_serna16,twitter
itsyahboydavid,twitter
glaare,twitter
mzonmiriam,twitter
kasscrod,twitter
fonzie_007,twitter
ethangraysbup,twitter
miss_melanieg,twitter
ginocosta,twitter
oliverrwalsh,twitter
agent_tony760,twitter
jhstafrordiii,twitter
eatshitharley,twitter
bauterafri,twitter
thenameisjacks,twitter
jasonchavarriav,twitter
fanaticofilms,twitter
binkybabyyy,twitter
astridmgarcia,twitter
carlosxp2015,twitter
mikerodriiguez,twitter
jayypinedaa,twitter
adeedums,twitter
delrealoficial,twitter
itrxllerelina,twitter
_bryan_66,twitter
jefetorres714,twitter
lreachtorres,twitter
bumfilmmakerjoe,twitter
emilyyrosales,twitter
msvianey,twitter
ohterezaaa,twitter
apoloniomaria,twitter
vasquezalfonso,twitter
mothehalf,twitter
barbaramlykes,twitter
zero3269,twitter
itsaroi,twitter
jonathan_gato93,twitter
sarcastichag,twitter
attorneybrenda,twitter
niceladyandrea,twitter
edgexmike,twitter
rosevera,twitter
danyg22_,twitter
gcexpress,twitter
teawest36,twitter
toricortes,twitter
olddirtytshirtj,twitter
meeturdestinee,twitter
ojosdeldemonio,twitter
edgarnoe13,twitter
catalina_cee,twitter
mattespinosawaf,twitter
internetfamous7,twitter
teddywlfo,twitter
jessicaaidee12,twitter
ignaciom110,twitter
maryrose3277,twitter
micamagui,twitter
l_aguila007,twitter
bronze_polar,twitter
rooger96,twitter
7897a052a24b49a,twitter
crimsondove14,twitter
hanawoodward,twitter
thewashla,twitter
carlos_acee,twitter
coolandexplody,twitter
maria_diaz18,twitter
fre_dj,twitter
sailareyes,twitter
1023tess,twitter
josejzavala,twitter
jazy101,twitter
twilliamjt,twitter
yaboydave51,twitter
vgmalarkey,twitter
elisejayme,twitter
binichsicher,twitter
aldairtovar3,twitter
juanpablousa,twitter
emsquuared,twitter
thommy1998,twitter
argeliotorres,twitter
edson_v,twitter
yungdolce,twitter
maraiza77,twitter
jakitkat7,twitter
tonytorrez1,twitter
thejosueperez,twitter
flywithselena18,twitter
sgomzlife,twitter
becca_espinosa,twitter
amyvm10,twitter
hauralumbard,twitter
a_mau_7,twitter
oleasairfilms,twitter
_danielaan,twitter
domingueznaomi8,twitter
nerobeastuno,twitter
amtoni562,twitter
juand,twitter
ladykaplanzofi,twitter
olguinator,twitter
20_kimberli,twitter
fabriciodcorrea,twitter
mariodelgado838,twitter
jacquez64,twitter
melissatejadaa,twitter
miriann_gee14,twitter
poorgeckos,twitter
cd9yuniva,twitter
ifatheraprince,twitter
mirandabocruz,twitter
ellenmor44,twitter
paola_rusher6,twitter
lilyanalomelix,twitter
_ryanrodriguez,twitter
ivanchurubio,twitter
luigifas,twitter
ricky_171_,twitter
_supermani,twitter
p3dro007,twitter
ngonzalezzc,twitter
christark23,twitter
e_cardo,twitter
hermioneortiz,twitter
enxque,twitter
bladerunnerxxi,twitter
_adriannnnna_,twitter
jrenteria,twitter
kissabuttt,twitter
sakura_sakura1,twitter
hjgonzalezz,twitter
j_ram25,twitter
mirandacxx,twitter
jonnyd310,twitter
flower_xo_child,twitter
sofiiittta,twitter
marmar__r,twitter
mrbrownn24,twitter
julietteemariee,twitter
iturbeisabel,twitter
bbyinblack,twitter
valsheezie,twitter
itsravenbro_,twitter
tonywassaohfak,twitter
mimolina1203,twitter
murrrcielagooo,twitter
amzgspidey,twitter
ana_montes4,twitter
dietob0rn,twitter
verax_fidelis,twitter
rosiecheeksduh,twitter
vlone6ix,twitter
rideluque,twitter
pacolalife,twitter
jdcp8,twitter
diazlouith,twitter
eldiegogarzon,twitter
ladylauda,twitter
tamy_mtz,twitter
el_suplemento,twitter
jasmineg95,twitter
obi_roll_wan,twitter
joshuamontao2,twitter
stephreyx,twitter
dovakiin666,twitter
marcomardiani1,twitter
ummchristina,twitter
harusomi2,twitter
maidensantaana,twitter
___x88,twitter
olivera17nico,twitter
e1bacb5b6e92480,twitter
louellagonzalez,twitter
captainxander02,twitter
rxblaw,twitter
beth_landry,twitter
sele_guelardiok,twitter
mark_f_moreno,twitter
ionutquaresma,twitter
sergiocunagf,twitter
nancy6687nancy,twitter
odalisgcruz,twitter
ariviii,twitter
casssie_21,twitter
dimelovelez,twitter
esqmiguel_,twitter
epiccigartime,twitter
diegogrestrepo,twitter
diehiga,twitter
rhinestonee,twitter
primusfan92,twitter
93calvo,twitter
daflovar27,twitter
antinostar,twitter
mendozaluisaj,twitter
itsdreamer99,twitter
thiskidart,twitter
christianajon3s,twitter
halletameraa,twitter
jorgealantorres,twitter
melodycalled,twitter
reguilaoaxaca,twitter
d414a600f04a41e,twitter
ihomila,twitter
renovatio430,twitter
mollyyvee,twitter
ferocious_fetus,twitter
mikepint,twitter
jaimix79,twitter
germanlokz,twitter
daniel_inski,twitter
pautorresa,twitter
therjpro,twitter
bessiem4,twitter
waarce,twitter
ricardonava1234,twitter
vickilovesjenni,twitter
an_iliad,twitter
srasykescollins,twitter
nickoroz,twitter
pimpargentina,twitter
azeneth_sarahih,twitter
kev_pad22,twitter
luishdz27,twitter
_jlockwood,twitter
yessieeayee,twitter
xjjqpx,twitter
real_nigga_nik,twitter
quail_money,twitter
cortadordepasto,twitter
adria_vallejo,twitter
thinnishworm,twitter
l_boi16,twitter
carlosmurquieta,twitter
gilbert719,twitter
ellina_gen,twitter
alvaroagrafojo_,twitter
salgarcia94,twitter
ysab_l,twitter
mavericckkk,twitter
1albertperez,twitter
andyquezada323,twitter
rcosve,twitter
eddiex33,twitter
newstarz1985,twitter
utp_corp,twitter
jickham13,twitter
felixqueengabby,twitter
paulaanbrez,twitter
vitoriacross,twitter
quiksilver90262,twitter
jaq1520,twitter
eruvey_admr_,twitter
alexwalkertaco,twitter
alfredocarlosm,twitter
londesign,twitter
zenobia307,twitter
fuck1ngh311,twitter
ramsestmagnum,twitter
georgepallas,twitter
vicuribe66,twitter
elizabe67396221,twitter
huerta0298,twitter
uh_livia,twitter
dylanmcc_,twitter
nudegui,twitter
chayo_1518,twitter
matuteiglesias,twitter
valenmira345,twitter
askjillknowseda,twitter
andyp_77,twitter
driiconfident,twitter
nash_angulo,twitter
maarcid,twitter
ericsalvador,twitter
205beiber,twitter
elxbilly,twitter
frozenstupid,twitter
cutegigglyrydel,twitter
kelseyllamaorca,twitter
ezeramirez17,twitter
lovocris,twitter
lizbethgriffo,twitter
adrhdzz,twitter
prestoncabeza,twitter
ricardoawesom22,twitter
dboyloc109,twitter
trulyriz,twitter
myrighttnut,twitter
lopezjp7,twitter
abejitajanni,twitter
scarletmorin,twitter
woahitskeven,twitter
solsampogna,twitter
jazminerva_,twitter
elueuterio,twitter
carolvgap,twitter
louislhr2,twitter
funkboii,twitter
magmajestic,twitter
charlie_rojas88,twitter
richardx7,twitter
paf_0802,twitter
karla_arena,twitter
gehetrouble,twitter
victormrazzer,twitter
vigilioawake,twitter
left_hemisphere,twitter
el_gallogiro,twitter
eljotaerreape,twitter
skarlet_007,twitter
casamorata19,twitter
carlberrio,twitter
kevintobar21,twitter
thekidsz,twitter
stephy2805,twitter
samvargas,twitter
q18design,twitter
marchnoda,twitter
mromero2598,twitter
varetyr,twitter
scristian_11,twitter
259evelyn,twitter
_sincexxvi,twitter
mlleonclarin,twitter
jlmm7219,twitter
mariollamas01,twitter
btbam91,twitter
hxmiltonfk,twitter
thelook555,twitter
alekzitto,twitter
nicole_fan7,twitter
cobrashotmess,twitter
eccunionroy,twitter
elericmenjivar,twitter
angelita9119,twitter
mevckolo,twitter
kdannya,twitter
kim_alvarez95,twitter
acevedoj40,twitter
blancoisco,twitter
georgieman393,twitter
writetokarla,twitter
m_ros93,twitter
panthologist,twitter
camelliabnson,twitter
katheri47239333,twitter
dynocosmicjay,twitter
karenss139,twitter
inklof,twitter
_xavicastro_,twitter
guilleftruben,twitter
senzegana,twitter
roger_marzial,twitter
imasianlooking,twitter
mexia000,twitter
seldiaz7,twitter
ejorge85,twitter
escuderoero,twitter
iamdenislara,twitter
santiagoinsuza,twitter
livvy_sdw,twitter
leejetr,twitter
96divas,twitter
l8kursi,twitter
huska_chris,twitter
jeezpatrice,twitter
solidpunch,twitter
ojeda_yvette,twitter
rellik121,twitter
diegodlc01,twitter
samiemendez,twitter
alberich_k,twitter
lakersbnn,twitter
marcellaedits,twitter
thewillypandy11,twitter
cortez400,twitter
dyazmiguel,twitter
perezsara59,twitter
_m0m0ney_,twitter
phaniepille,twitter
elimiller97,twitter
rileylo17,twitter
isaiasbeatles,twitter
briannajmachado,twitter
arnold_ch89,twitter
dannyvindiaz,twitter
pulpxfictiion,twitter
jocee_33,twitter
lzmsisa,twitter
zeshinnns,twitter
chanhitsuw,twitter
marckcastro1,twitter
magaorozco,twitter
pattyrevelez,twitter
pj34372,twitter
santi_silva73,twitter
emilycoronel78,twitter
kmilokro2007,twitter
the_adriang,twitter
hitalovalladare,twitter
mlcfromtheheart,twitter
xavisu123,twitter
barbara_banda07,twitter
_khristhian,twitter
8bitblossom,twitter
sstarlightt_,twitter
sujey7457,twitter
karina_anai,twitter
neymabuga32,twitter
niallgirl_1j,twitter
ariannagfrias,twitter
chinoruano,twitter
riddled_reverie,twitter
el_beto_667,twitter
juan_rod_1997,twitter
gisscarillo,twitter
1906angel,twitter
eduardo263015,twitter
ahamiltons,twitter
betwitah_,twitter
sevajot,twitter
robertperez93,twitter
themartinbyrd,twitter
autumnwinddave,twitter
pamebick69,twitter
julioherrerava1,twitter
danysoriano2011,twitter
partydesignbyv,twitter
alejandroiceusa,twitter
alanantoniomuoz,twitter
7_jorgemolina,twitter
ernestotulin,twitter
aineven14,twitter
yurgetvanegas,twitter
ariasm2,twitter
eduarcraft001,twitter
mr_blacksuo,twitter
lact14luis,twitter
lacanousamaria,twitter
elchapinh,twitter
tremendoortega,twitter
darkangelsarti,twitter
oscdonaji,twitter
arely_zamarripa,twitter
morrisoncillo,twitter
lionelgigena,twitter
a_dizz_le,twitter
zamudiomax,twitter
fhermego,twitter
stephanie98l,twitter
cesarzx90,twitter
juaco1020301,twitter
garcimosqueda,twitter
hayleylovaticc,twitter
heiheududhdodbd,twitter
casitasangel,twitter
ederm13eder,twitter
leadamericas,twitter
adrianabonnathi,twitter
_josem94,twitter
nateatbd,twitter
diegov2707,twitter
reikrbd5,twitter
siglesias61,twitter
pabloaguilar155,twitter
astrologoroy,twitter
burmella,twitter
serevand,twitter
idealshot,twitter
imcharlesputman,twitter
abytha09,twitter
superamigo420,twitter
oz_miracle,twitter